trigger_name;schedule_name;cron;job_name;estado;nota;actualizado
sdlf-bigdata-abr-historico-glue-trigger;sdlf-bigdata-abr-historico-glue-schedule;cron(30 17 * * ? *);sdlf-bigdata-redshift-segmentation-schedule-glue-job;migrado;"trigger estaba ACTIVATED; schedule quedó ENABLED";2026-09-02 13:06:29
sdlf-bigdata-billeteras-enrolamiento-wallet-glue-trigger;sdlf-bigdata-billeteras-enrolamiento-wallet-glue-schedule;cron(30 20 * * ? *);sdlf-bigdata-redshift-segmentation-schedule-glue-job;migrado;"trigger estaba ACTIVATED; schedule quedó ENABLED";2026-09-02 13:06:30
sdlf-bigdata-call-adquisicion-ga4-trigger;sdlf-bigdata-call-adquisicion-ga4-schedule;cron(00 04 * * ? *);sdlf-bigdata-redshift-segmentation-schedule-glue-job;migrado;"trigger estaba ACTIVATED; schedule quedó ENABLED";2026-09-02 13:06:31
sdlf-bigdata-call-sftp-sender-ctbl-base-trabajo-email-glue-trigger;sdlf-bigdata-call-sftp-sender-ctbl-base-trabajo-email-glue-schedule;cron(00 9 * * ? *);sdlf-bigdata-redshift-segmentation-schedule-glue-job;revisar;nombre schedule >64 chars (67): renombrar a mano;2026-09-02 13:05:18
sdlf-bigdata-call-sp-bases-cumpleanos-puntos-glue-trigger;sdlf-bigdata-call-sp-bases-cumpleanos-puntos-glue-schedule;cron(0 13 1 * ? *);sdlf-bigdata-redshift-segmentation-schedule-glue-job;pendiente;;
sdlf-bigdata-call-sp-camp-mail-tecnologia-spos-trigger;sdlf-bigdata-call-sp-camp-mail-tecnologia-spos-schedule;cron(0 12 ? * * *);sdlf-bigdata-redshift-segmentation-schedule-glue-job;migrado;"trigger estaba ACTIVATED; schedule quedó ENABLED";2026-09-02 13:06:32
sdlf-bigdata-call-sp-cptp-marca-captados-base-retail-trigger;sdlf-bigdata-call-sp-cptp-marca-captados-base-retail-schedule;cron(30 21 * * ? *);sdlf-bigdata-redshift-segmentation-schedule-glue-job;migrado;"trigger estaba ACTIVATED; schedule quedó ENABLED";2026-09-02 13:06:33
sdlf-bigdata-call-sp-ctbl-consolidado-listas-negras-trigger;sdlf-bigdata-call-sp-ctbl-consolidado-listas-negras-schedule;cron(0 12 ? * * *);sdlf-bigdata-redshift-segmentation-schedule-glue-job;migrado;"trigger estaba ACTIVATED; schedule quedó ENABLED";2026-09-02 13:06:35
sdlf-bigdata-call-sp-pff-actualizar-av-motor-mes-actual-trigger;sdlf-bigdata-call-sp-pff-actualizar-av-motor-mes-actual-schedule;cron(0 12 ? * * *);sdlf-bigdata-redshift-segmentation-schedule-glue-job;migrado;"trigger estaba ACTIVATED; schedule quedó ENABLED";2026-09-02 13:06:36
sdlf-bigdata-call-sp-pff-actualizar-sav-motor-mes-actual-trigger;sdlf-bigdata-call-sp-pff-actualizar-sav-motor-mes-actual-schedule;cron(0 12 ? * * *);sdlf-bigdata-redshift-segmentation-schedule-glue-job;revisar;nombre schedule >64 chars (65): renombrar a mano;2026-09-02 13:05:21
sdlf-bigdata-call-sp-tr-cliente-alto-valor-glue-trigger;sdlf-bigdata-call-sp-tr-cliente-alto-valor-glue-schedule;cron(15 18 * * ? *);sdlf-bigdata-redshift-segmentation-schedule-glue-job;migrado;"trigger estaba ACTIVATED; schedule quedó ENABLED";2026-09-02 13:06:37
sdlf-bigdata-camp-activacion-captacion-tc-cc-glue-trigger;sdlf-bigdata-camp-activacion-captacion-tc-cc-glue-schedule;cron(00 15 * * ? *);sdlf-bigdata-redshift-segmentation-schedule-glue-job;migrado;"trigger estaba ACTIVATED; schedule quedó ENABLED";2026-09-02 13:06:38
sdlf-bigdata-camp-cross-tamcc-glue-trigger;sdlf-bigdata-camp-cross-tamcc-glue-schedule;cron(00 13 * * ? *);sdlf-bigdata-redshift-segmentation-schedule-glue-job;migrado;"trigger estaba ACTIVATED; schedule quedó ENABLED";2026-09-02 13:06:39
sdlf-bigdata-camp-descansos-adq-diarios-glue-trigger;sdlf-bigdata-camp-descansos-adq-diarios-glue-schedule;cron(0 12 ? * * *);sdlf-bigdata-redshift-segmentation-schedule-glue-job;migrado;"trigger estaba DEACTIVATED; schedule quedó DISABLED";2026-09-02 13:06:40
sdlf-bigdata-camp-reporte-funnel-contactabilidad-ppff-glue-trigger;sdlf-bigdata-camp-reporte-funnel-contactabilidad-ppff-glue-schedule;cron(0 15 ? * * *);sdlf-bigdata-redshift-segmentation-schedule-glue-job;revisar;nombre schedule >64 chars (67): renombrar a mano;2026-09-02 13:05:23
sdlf-bigdata-camp-rmkt-dap-glue-trigger;sdlf-bigdata-camp-rmkt-dap-glue-schedule;cron(00 17 * * ? *);sdlf-bigdata-redshift-segmentation-schedule-glue-job;migrado;"trigger estaba ACTIVATED; schedule quedó ENABLED";2026-09-02 13:06:41
sdlf-bigdata-camp-share-data-master-seguros-glue-trigger;sdlf-bigdata-camp-share-data-master-seguros-glue-schedule;cron(00 13 * * ? *);sdlf-bigdata-redshift-segmentation-schedule-glue-job;migrado;"trigger estaba ACTIVATED; schedule quedó ENABLED";2026-09-02 13:06:42
sdlf-bigdata-camp-sobregiro-45-glue-trigger;sdlf-bigdata-camp-sobregiro-45-glue-schedule;cron(00 13 * * ? *);sdlf-bigdata-redshift-segmentation-schedule-glue-job;migrado;"trigger estaba ACTIVATED; schedule quedó ENABLED";2026-09-02 13:06:43
sdlf-bigdata-camp-source-purge-msl-glue-trigger;sdlf-bigdata-camp-source-purge-msl-glue-schedule;cron(00 14 * * ? *);sdlf-bigdata-redshift-segmentation-schedule-glue-job;migrado;"trigger estaba ACTIVATED; schedule quedó ENABLED";2026-09-02 13:06:44
sdlf-bigdata-cbtl-email-autom-refactor-glue-trigger;sdlf-bigdata-cbtl-email-autom-refactor-glue-schedule;cron(30 10 * * ? *);sdlf-bigdata-redshift-segmentation-schedule-glue-job;migrado;"trigger estaba ACTIVATED; schedule quedó ENABLED";2026-09-02 13:06:45
sdlf-bigdata-clts-ahorro-opex-glue-trigger;sdlf-bigdata-clts-ahorro-opex-glue-schedule;cron(00 14 * * ? *);sdlf-bigdata-redshift-segmentation-schedule-glue-job;migrado;"trigger estaba ACTIVATED; schedule quedó ENABLED";2026-09-02 13:06:46
sdlf-bigdata-clts-marca-pan-anterior-glue-trigger;sdlf-bigdata-clts-marca-pan-anterior-glue-schedule;cron(12 7 * * ? *);sdlf-bigdata-redshift-segmentation-schedule-glue-job;migrado;"trigger estaba CREATED; schedule quedó DISABLED";2026-09-02 13:06:47
sdlf-bigdata-clts-matriz-rentabilidad-banco-retail-glue-trigger;sdlf-bigdata-clts-matriz-rentabilidad-banco-retail-glue-schedule;cron(23 15 5 * ? *);sdlf-bigdata-redshift-segmentation-schedule-glue-job;pendiente;;
sdlf-bigdata-clts-matriz-rentabilidad-banco-retail-mujeres-c1c2c3-glue-trigger;sdlf-bigdata-clts-matriz-rentabilidad-banco-retail-mujeres-c1c2c3-glue-schedule;cron(38 15 5 * ? *);sdlf-bigdata-redshift-segmentation-schedule-glue-job;pendiente;;
sdlf-bigdata-clts-matriz-rentabilidad-corp-glue-trigger;sdlf-bigdata-clts-matriz-rentabilidad-corp-glue-schedule;cron(25 15 5 * ? *);sdlf-bigdata-redshift-segmentation-schedule-glue-job;pendiente;;
sdlf-bigdata-clts-matriz-rentabilidad-retail-glue-trigger;sdlf-bigdata-clts-matriz-rentabilidad-retail-glue-schedule;cron(33 15 5 * ? *);sdlf-bigdata-redshift-segmentation-schedule-glue-job;pendiente;;
sdlf-bigdata-clts-planes.recaudacion-glue-trigger;sdlf-bigdata-clts-planes.recaudacion-glue-schedule;cron(00 18 * * ? *);sdlf-bigdata-redshift-segmentation-schedule-glue-job;migrado;"trigger estaba ACTIVATED; schedule quedó ENABLED";2026-09-02 13:06:48
sdlf-bigdata-clts-productos-segmentos-glue-trigger;sdlf-bigdata-clts-productos-segmentos-glue-schedule;cron(5 1-9,12-0 * * ? *);sdlf-bigdata-redshift-segmentation-schedule-glue-job;migrado;ambos apagados: trigger CREATED + schedule DISABLED;2026-09-02 12:12:42
sdlf-bigdata-clts-sp-bases-giftcard-latam-glue-trigger;sdlf-bigdata-clts-sp-bases-giftcard-latam-glue-schedule;cron(30 16 * * ? *);sdlf-bigdata-redshift-segmentation-schedule-glue-job;migrado;"trigger estaba ACTIVATED; schedule quedó ENABLED";2026-09-02 13:06:49
sdlf-bigdata-clts-sp-seguimiento-canjes-glue-trigger;sdlf-bigdata-clts-sp-seguimiento-canjes-glue-schedule;cron(00 16 * * ? *);sdlf-bigdata-redshift-segmentation-schedule-glue-job;migrado;"trigger estaba ACTIVATED; schedule quedó ENABLED";2026-09-02 13:06:50
sdlf-bigdata-clts-universo-panes-glue-trigger;sdlf-bigdata-clts-universo-panes-glue-schedule;cron(30 12 * * ? *);sdlf-bigdata-redshift-segmentation-schedule-glue-job;migrado;"trigger estaba ACTIVATED; schedule quedó ENABLED";2026-09-02 13:06:51
sdlf-bigdata-contratos-itf-tg-job;sdlf-bigdata-contratos-itf-tg-job-schedule;cron(0 10 2.3 * ? *);sdlf-bigdata-redshift-segmentation-schedule-glue-job;pendiente;;
sdlf-bigdata-cptp-adquisicion-funnel-presencial-cierre-glue-trigger;sdlf-bigdata-cptp-adquisicion-funnel-presencial-cierre-glue-schedule;cron(0 21 1-6 * ? *);sdlf-bigdata-redshift-segmentation-schedule-glue-job;pendiente;;
sdlf-bigdata-cptp-adquisicion-funnel-presencial-sc-glue-trigger;sdlf-bigdata-cptp-adquisicion-funnel-presencial-sc-glue-schedule;cron(0 21,6,10 7-31 * ? *);sdlf-bigdata-redshift-segmentation-schedule-glue-job;pendiente;;
sdlf-bigdata-cptp-altas-tc-cc-platun-glue-trigger;sdlf-bigdata-cptp-altas-tc-cc-platun-glue-schedule;cron(30 12 * * ? *);sdlf-bigdata-redshift-segmentation-schedule-glue-job;migrado;"trigger estaba ACTIVATED; schedule quedó ENABLED";2026-09-02 13:06:52
sdlf-bigdata-cptp-captaciones-monoproducto-cc-glue-trigger;sdlf-bigdata-cptp-captaciones-monoproducto-cc-glue-schedule;cron(0 3,15 ? * * *);sdlf-bigdata-redshift-segmentation-schedule-glue-job;migrado;"trigger estaba ACTIVATED; schedule quedó ENABLED";2026-09-02 12:33:42
sdlf-bigdata-cptp-foto-tablon-adquisicion-inicio-mes-glue-trigger;sdlf-bigdata-cptp-foto-tablon-adquisicion-inicio-mes-glue-schedule;cron(15 14 11 * ? *);sdlf-bigdata-redshift-segmentation-schedule-glue-job;pendiente;;
sdlf-bigdata-cptp-tablon-campana-adquisicion-glue-trigger;sdlf-bigdata-cptp-tablon-campana-adquisicion-glue-schedule;cron(00 12 * * ? *);sdlf-bigdata-redshift-segmentation-schedule-glue-job;migrado;"trigger estaba ACTIVATED; schedule quedó ENABLED";2026-09-02 13:06:54
sdlf-bigdata-ctbl-base-gestion-ccr-glue-trigger;sdlf-bigdata-ctbl-base-gestion-ccr-glue-schedule;cron(00 6 * * ? *);sdlf-bigdata-redshift-segmentation-schedule-glue-job;migrado;"trigger estaba ACTIVATED; schedule quedó ENABLED";2026-09-02 13:06:55
sdlf-bigdata-ctbl-fipers-mae-lib-neg-glue-trigger;sdlf-bigdata-ctbl-fipers-mae-lib-neg-glue-schedule;cron(30 7 * * ? *);sdlf-bigdata-redshift-segmentation-schedule-glue-job;migrado;"trigger estaba ACTIVATED; schedule quedó ENABLED";2026-09-02 13:06:56
sdlf-bigdata-dgtl-leads-abr-glue-trigger;sdlf-bigdata-dgtl-leads-abr-glue-schedule;cron(30 13 ? * MON,TUE,WED,THU,FRI *);sdlf-bigdata-redshift-segmentation-schedule-glue-job;pendiente;;
sdlf-bigdata-fabrica-eventos-hipotecarios-glue-trigger;sdlf-bigdata-fabrica-eventos-hipotecarios-glue-schedule;cron(15 12 16 * ? *);sdlf-bigdata-redshift-segmentation-schedule-glue-job;pendiente;;
sdlf-bigdata-mdpg-trx-otros-bancos-glue-trigger;sdlf-bigdata-mdpg-trx-otros-bancos-glue-schedule;cron(30 14 * * ? *);sdlf-bigdata-redshift-segmentation-schedule-glue-job;migrado;"trigger estaba ACTIVATED; schedule quedó ENABLED";2026-09-02 13:06:57
sdlf-bigdata-mpdg-panel-concrecion-spos-tda-glue-trigger;sdlf-bigdata-mpdg-panel-concrecion-spos-tda-glue-schedule;cron(00 12 * * ? *);sdlf-bigdata-redshift-segmentation-schedule-glue-job;pendiente;;
sdlf-bigdata-mpdg-seguimiento-vta-unimarc-glue-trigger;sdlf-bigdata-mpdg-seguimiento-vta-unimarc-glue-schedule;cron(30 13 * * ? *);sdlf-bigdata-redshift-segmentation-schedule-glue-job;pendiente;;
sdlf-bigdata-mpdg-tablon-comunicacion-spos-glue-trigger;sdlf-bigdata-mpdg-tablon-comunicacion-spos-glue-schedule;cron(00 7 * * ? *);sdlf-bigdata-redshift-segmentation-schedule-glue-job;pendiente;;
sdlf-bigdata-mpdg-zoom-uso-unimarc-glue-trigger;sdlf-bigdata-mpdg-zoom-uso-unimarc-glue-schedule;cron(30 13 ? * * *);sdlf-bigdata-redshift-segmentation-schedule-glue-job;pendiente;;
sdlf-bigdata-oferta-cc-trigger;sdlf-bigdata-oferta-cc-schedule;cron(45 12 * * ? *);sdlf-bigdata-redshift-segmentation-schedule-glue-job;pendiente;;
sdlf-bigdata-ppff-funnel-av-historico-glue-trigger;sdlf-bigdata-ppff-funnel-av-historico-glue-schedule;cron(00 15 5 * ? *);sdlf-bigdata-redshift-segmentation-schedule-glue-job;pendiente;;
sdlf-bigdata-ppff-funnel-sav-historia-glue-trigger;sdlf-bigdata-ppff-funnel-sav-historia-glue-schedule;cron(0 15 5 * ? *);sdlf-bigdata-redshift-segmentation-schedule-glue-job;pendiente;;
sdlf-bigdata-ppff-new-funnel-av-glue-trigger;sdlf-bigdata-ppff-new-funnel-av-glue-schedule;cron(0 16 * * ? *);sdlf-bigdata-redshift-segmentation-schedule-glue-job;pendiente;;
sdlf-bigdata-ppff-new-funnel-sav-glue-trigger;sdlf-bigdata-ppff-new-funnel-sav-glue-schedule;cron(0 16 * * ? *);sdlf-bigdata-redshift-segmentation-schedule-glue-job;pendiente;;
sdlf-bigdata-ppff-sobregiro-planes-glue-trigger;sdlf-bigdata-ppff-sobregiro-planes-glue-schedule;cron(50 14 * * ? *);sdlf-bigdata-redshift-segmentation-schedule-glue-job;pendiente;;
sdlf-bigdata-query-seg-diario-trigger;sdlf-bigdata-query-seg-diario-schedule;cron(00 7 * * ? *);sdlf-bigdata-redshift-segmentation-schedule-glue-job;pendiente;;
sdlf-bigdata-reporte-abr-glue-trigger;sdlf-bigdata-reporte-abr-glue-schedule;cron(0 13 3,18 * ? *);sdlf-bigdata-redshift-segmentation-schedule-glue-job;pendiente;;
sdlf-bigdata-run_sp_cptp_seguimiento_vinculacion_abr_pat_cof-glue-trigger;sdlf-bigdata-run_sp_cptp_seguimiento_vinculacion_abr_pat_cof-glue-schedule;cron(30 14,19 * * ? *);sdlf-bigdata-redshift-segmentation-schedule-glue-job;revisar;nombre >64 chars: renombrar a mano;2026-09-02 12:26:34
sdlf-bigdata-sp-arq-unload-shared-table-actividad-tr-trigger;sdlf-bigdata-sp-arq-unload-shared-table-actividad-tr-schedule;cron(30 9 10 * ? *);sdlf-bigdata-redshift-segmentation-schedule-glue-job;pendiente;;
sdlf-bigdata-sp-arq-unload-shared-tables-trigger;sdlf-bigdata-sp-arq-unload-shared-tables-schedule;cron(0 9 * * ? *);sdlf-bigdata-redshift-segmentation-schedule-glue-job;pendiente;;
sdlf-bigdata-sp-base-ivr-glue-trigger;sdlf-bigdata-sp-base-ivr-glue-schedule;cron(30 11 ? * MON,TUE,WED,THU,FRI,SAT *);sdlf-bigdata-redshift-segmentation-schedule-glue-job;pendiente;;
sdlf-bigdata-sp-base-nps-dormidos-glue-trigger;sdlf-bigdata-sp-base-nps-dormidos-glue-schedule;cron(00 13 * * ? *);sdlf-bigdata-redshift-segmentation-schedule-glue-job;pendiente;;
sdlf-bigdata-sp-bitr-maestra-sucursales-glue-trigger;sdlf-bigdata-sp-bitr-maestra-sucursales-glue-schedule;cron(0 14 * * ? *);sdlf-bigdata-redshift-segmentation-schedule-glue-job;pendiente;;
sdlf-bigdata-sp-camp-aumento-cupo-glue-trigger;sdlf-bigdata-sp-camp-aumento-cupo-glue-schedule;cron(00 15 ? * THU *);sdlf-bigdata-redshift-segmentation-schedule-glue-job;pendiente;;
sdlf-bigdata-sp-camp-capta-alto-valor-glue-trigger;sdlf-bigdata-sp-camp-capta-alto-valor-glue-schedule;cron(00 16 ? * WED *);sdlf-bigdata-redshift-segmentation-schedule-glue-job;pendiente;;
sdlf-bigdata-sp-camp-crosseling-cc-tc-glue-trigger;sdlf-bigdata-sp-camp-crosseling-cc-tc-glue-schedule;cron(0 13 ? * * *);sdlf-bigdata-redshift-segmentation-schedule-glue-job;pendiente;;
sdlf-bigdata-sp-camp-modelo-campana-glue-trigger;sdlf-bigdata-sp-camp-modelo-campana-glue-schedule;cron(15 9 * * ? *);sdlf-bigdata-redshift-segmentation-schedule-glue-job;pendiente;;
sdlf-bigdata-sp-camp-omp-com-trigger;sdlf-bigdata-sp-camp-omp-com-schedule;cron(30 17 * * ? *);sdlf-bigdata-redshift-segmentation-schedule-glue-job;pendiente;;
sdlf-bigdata-sp-camp-onboarding-cc-glue-trigger;sdlf-bigdata-sp-camp-onboarding-cc-glue-schedule;cron(30 10 * * ? *);sdlf-bigdata-redshift-segmentation-schedule-glue-job;pendiente;;
sdlf-bigdata-sp-camp-onboarding-puntos-glue-trigger;sdlf-bigdata-sp-camp-onboarding-puntos-glue-schedule;cron(0 11 * * ? *);sdlf-bigdata-redshift-segmentation-schedule-glue-job;pendiente;;
sdlf-bigdata-sp-camp-onboarding-spos-glue-trigger;sdlf-bigdata-sp-camp-onboarding-spos-glue-schedule;cron(25 18 * * ? *);sdlf-bigdata-redshift-segmentation-schedule-glue-job;pendiente;;
sdlf-bigdata-sp-camp-pagos-for-pagos-glue-trigger;sdlf-bigdata-sp-camp-pagos-for-pagos-glue-schedule;cron(00 20 * * ? *);sdlf-bigdata-redshift-segmentation-schedule-glue-job;pendiente;;
sdlf-bigdata-sp-camp-push-cobranza-glue-trigger;sdlf-bigdata-sp-camp-push-cobranza-glue-schedule;cron(00 13 * * ? *);sdlf-bigdata-redshift-segmentation-schedule-glue-job;pendiente;;
sdlf-bigdata-sp-camp-push-cupon-capta-glue-trigger;sdlf-bigdata-sp-camp-push-cupon-capta-glue-schedule;cron(0 19 * * ? *);sdlf-bigdata-redshift-segmentation-schedule-glue-job;pendiente;;
sdlf-bigdata-sp-camp-push-vence-DAP-glue-trigger-rds;sdlf-bigdata-sp-camp-push-vence-DAP-glue-trigger-rds-schedule;cron(00 17 * * ? *);sdlf-bigdata-redshift-segmentation-schedule-glue-job;pendiente;;
sdlf-bigdata-sp-camp-retira-tam-trigger;sdlf-bigdata-sp-camp-retira-tam-schedule;cron(00 8 ? * MON *);sdlf-bigdata-redshift-segmentation-schedule-glue-job;pendiente;;
sdlf-bigdata-sp-camp-rkmt-cc-glue-trigger;sdlf-bigdata-sp-camp-rkmt-cc-glue-schedule;cron(0 13 * * ? *);sdlf-bigdata-redshift-segmentation-schedule-glue-job;pendiente;;
sdlf-bigdata-sp-camp-rmkt-adqui-cc-glue-trigger;sdlf-bigdata-sp-camp-rmkt-adqui-cc-glue-schedule;cron(30 14 * * ? *);sdlf-bigdata-redshift-segmentation-schedule-glue-job;pendiente;;
sdlf-bigdata-sp-camp-rmkt-adqui-tc-cc-glue-trigger;sdlf-bigdata-sp-camp-rmkt-adqui-tc-cc-glue-schedule;cron(00 14 * * ? *);sdlf-bigdata-redshift-segmentation-schedule-glue-job;pendiente;;
sdlf-bigdata-sp-camp-rpass-trigger;sdlf-bigdata-sp-camp-rpass-schedule;cron(0 13 ? * WED *);sdlf-bigdata-redshift-segmentation-schedule-glue-job;pendiente;;
sdlf-bigdata-sp-camp-score-trigger;sdlf-bigdata-sp-camp-score-schedule;cron(0 16 ? * * *);sdlf-bigdata-redshift-segmentation-schedule-glue-job;pendiente;;
sdlf-bigdata-sp-camp-tr-trx-glue-trigger;sdlf-bigdata-sp-camp-tr-trx-glue-schedule;cron(00 14 * * ? *);sdlf-bigdata-redshift-segmentation-schedule-glue-job;pendiente;;
sdlf-bigdata-sp-campanas-por-cliente-diario-glue-trigger;sdlf-bigdata-sp-campanas-por-cliente-diario-glue-schedule;cron(00 16 * * ? *);sdlf-bigdata-redshift-segmentation-schedule-glue-job;pendiente;;
sdlf-bigdata-sp-clts-base-estudio-onboarding-glue-trigger;sdlf-bigdata-sp-clts-base-estudio-onboarding-glue-schedule;cron(50 16 ? * MON,TUE,WED,THU,FRI *);sdlf-bigdata-redshift-segmentation-schedule-glue-job;pendiente;;
sdlf-bigdata-sp-clts-bases-cumpleaños-puntos-glue-trigger;sdlf-bigdata-sp-clts-bases-cumpleaños-puntos-glue-schedule;cron(00 14 1 * ? *);sdlf-bigdata-redshift-segmentation-schedule-glue-job;pendiente;;
sdlf-bigdata-sp-clts-billeteras-enrolamientos-stock-glue-trigger;sdlf-bigdata-sp-clts-billeteras-enrolamientos-stock-glue-schedule;cron(10 4 * * ? *);sdlf-bigdata-redshift-segmentation-schedule-glue-job;pendiente;;
sdlf-bigdata-sp-clts-cactivos-kpi-compras-glue-trigger;sdlf-bigdata-sp-clts-cactivos-kpi-compras-glue-schedule;cron(00 14 * * ? *);sdlf-bigdata-redshift-segmentation-schedule-glue-job;pendiente;;
sdlf-bigdata-sp-clts-cactivos-kpi-loyalty-glue-trigger;sdlf-bigdata-sp-clts-cactivos-kpi-loyalty-glue-schedule;cron(00 14 * * ? *);sdlf-bigdata-redshift-segmentation-schedule-glue-job;pendiente;;
sdlf-bigdata-sp-clts-cactivos-kpi-ppff-glue-trigger;sdlf-bigdata-sp-clts-cactivos-kpi-ppff-glue-schedule;cron(00 14 * * ? *);sdlf-bigdata-redshift-segmentation-schedule-glue-job;pendiente;;
sdlf-bigdata-sp-clts-cargos-pat-glue-trigger;sdlf-bigdata-sp-clts-cargos-pat-glue-schedule;cron(15 10,18 * * ? *);sdlf-bigdata-redshift-segmentation-schedule-glue-job;migrado;"trigger estaba ACTIVATED; schedule quedó ENABLED";2026-09-02 12:33:44
sdlf-bigdata-sp-clts-estrategias-evaluar-vencimientos-glue-trigger;sdlf-bigdata-sp-clts-estrategias-evaluar-vencimientos-glue-schedule;cron(00 15 ? * * *);sdlf-bigdata-redshift-segmentation-schedule-glue-job;pendiente;;
sdlf-bigdata-sp-clts-matriz-rentabilidad-corp-mujeres-c1c2c3-glue-trigger;sdlf-bigdata-sp-clts-matriz-rentabilidad-corp-mujeres-c1c2c3-glue-schedule;cron(10 4 5 * ? *);sdlf-bigdata-redshift-segmentation-schedule-glue-job;pendiente;;
sdlf-bigdata-sp-clts-matriz-rentabilidad-retail-muijeres-c1c2c3-glue-trigger;sdlf-bigdata-sp-clts-matriz-rentabilidad-retail-muijeres-c1c2c3-glue-schedule;cron(00 4 5 * ? *);sdlf-bigdata-redshift-segmentation-schedule-glue-job;pendiente;;
sdlf-bigdata-sp-clts-movimientos-wallet-glue-trigger;sdlf-bigdata-sp-clts-movimientos-wallet-glue-schedule;cron(00 10,22 * * ? *);sdlf-bigdata-redshift-segmentation-schedule-glue-job;migrado;"trigger estaba ACTIVATED; schedule quedó ENABLED";2026-09-02 12:33:45
sdlf-bigdata-sp-clts-onboarding-12m-glue-trigger;sdlf-bigdata-sp-clts-onboarding-12m-glue-schedule;cron(25 07 * * ? *);sdlf-bigdata-redshift-segmentation-schedule-glue-job;pendiente;;
sdlf-bigdata-sp-clts-onboarding-new-12m-unicos-glue-trigger;sdlf-bigdata-sp-clts-onboarding-new-12m-unicos-glue-schedule;cron(00 9 * * ? *);sdlf-bigdata-redshift-segmentation-schedule-glue-job;pendiente;;
sdlf-bigdata-sp-clts-opex-canjesop-trigger;sdlf-bigdata-sp-clts-opex-canjesop-schedule;cron(15 15 * * ? *);sdlf-bigdata-redshift-segmentation-schedule-glue-job;pendiente;;
sdlf-bigdata-sp-clts-panel-integraL-glue-trigger;sdlf-bigdata-sp-clts-panel-integraL-glue-schedule;cron(0 18 ? * * *);sdlf-bigdata-redshift-segmentation-schedule-glue-job;pendiente;;
sdlf-bigdata-sp-clts-retira-plastico-tc-glue-trigger;sdlf-bigdata-sp-clts-retira-plastico-tc-glue-schedule;cron(00 7 * * ? *);sdlf-bigdata-redshift-segmentation-schedule-glue-job;pendiente;;
sdlf-bigdata-sp-clts-retira-td-glue-trigger;sdlf-bigdata-sp-clts-retira-td-glue-schedule;cron(40 11 * * ? *);sdlf-bigdata-redshift-segmentation-schedule-glue-job;pendiente;;
sdlf-bigdata-sp-clts-saldo-vencimiento-tg;sdlf-bigdata-sp-clts-saldo-vencimiento-tg-schedule;cron(00 16 * * ? *);sdlf-bigdata-redshift-segmentation-schedule-glue-job;pendiente;;
sdlf-bigdata-sp-clts-segmento-gestion-diario-glue-trigger;sdlf-bigdata-sp-clts-segmento-gestion-diario-glue-schedule;cron(30 14 * * ? *);sdlf-bigdata-redshift-segmentation-schedule-glue-job;pendiente;;
sdlf-bigdata-sp-clts-seguim-clientes-con-saldo-glue-trigger;sdlf-bigdata-sp-clts-seguim-clientes-con-saldo-glue-schedule;cron(00 19 * * ? *);sdlf-bigdata-redshift-segmentation-schedule-glue-job;pendiente;;
sdlf-bigdata-sp-clts-seguimiento-cof-glue-trigger;sdlf-bigdata-sp-clts-seguimiento-cof-glue-schedule;cron(00 9 * * ? *);sdlf-bigdata-redshift-segmentation-schedule-glue-job;pendiente;;
sdlf-bigdata-sp-clts-seguros-asociados-tarjetas-glue-trigger;sdlf-bigdata-sp-clts-seguros-asociados-tarjetas-glue-schedule;cron(0 9 ? * * *);sdlf-bigdata-redshift-segmentation-schedule-glue-job;pendiente;;
sdlf-bigdata-sp-clts-tc-vigente-glue-trigger;sdlf-bigdata-sp-clts-tc-vigente-glue-schedule;cron(58 12 ? * * *);sdlf-bigdata-redshift-segmentation-schedule-glue-job;pendiente;;
sdlf-bigdata-sp-clts-universo-panes-actual-glue-trigger;sdlf-bigdata-sp-clts-universo-panes-actual-glue-schedule;cron(30 10 * * ? *);sdlf-bigdata-redshift-segmentation-schedule-glue-job;pendiente;;
sdlf-bigdata-sp-clts-unload-csv-acoustic-glue-trigger;sdlf-bigdata-sp-clts-unload-csv-acoustic-glue-schedule;cron(0 15 * * ? *);sdlf-bigdata-redshift-segmentation-schedule-glue-job;pendiente;;
sdlf-bigdata-sp-clts-vinculacion-diaria-glue-trigger;sdlf-bigdata-sp-clts-vinculacion-diaria-glue-schedule;cron(00 23 * * ? *);sdlf-bigdata-redshift-segmentation-schedule-glue-job;pendiente;;
sdlf-bigdata-sp-clts-visitan-tienda-glue-trigger;sdlf-bigdata-sp-clts-visitan-tienda-glue-schedule;cron(00 11 * * ? *);sdlf-bigdata-redshift-segmentation-schedule-glue-job;pendiente;;
sdlf-bigdata-sp-cmp-onb-alto-valor-glue-trigger;sdlf-bigdata-sp-cmp-onb-alto-valor-glue-schedule;cron(0 18 ? * * *);sdlf-bigdata-redshift-segmentation-schedule-glue-job;pendiente;;
sdlf-bigdata-sp-contco-seguros-tg;sdlf-bigdata-sp-contco-seguros-tg-schedule;cron(30 10 * * ? *);sdlf-bigdata-redshift-segmentation-schedule-glue-job;pendiente;;
sdlf-bigdata-sp-cptp-aceptacion-pop-up-cc-remunerada-glue-trigger;sdlf-bigdata-sp-cptp-aceptacion-pop-up-cc-remunerada-glue-schedule;cron(05 18 * * ? *);sdlf-bigdata-redshift-segmentation-schedule-glue-job;pendiente;;
sdlf-bigdata-sp-cptp-aceptacion-pop-up-vinculadores-glue-trigger;sdlf-bigdata-sp-cptp-aceptacion-pop-up-vinculadores-glue-schedule;cron(0 16,20 * * ? *);sdlf-bigdata-redshift-segmentation-schedule-glue-job;revisar;nombre >64 chars: renombrar a mano;2026-09-02 12:26:37
sdlf-bigdata-sp-cptp-baja-planes-glue-trigger;sdlf-bigdata-sp-cptp-baja-planes-glue-schedule;cron(00 15 * * ? *);sdlf-bigdata-redshift-segmentation-schedule-glue-job;pendiente;;
sdlf-bigdata-sp-cptp-camada-cc-trigger;sdlf-bigdata-sp-cptp-camada-cc-schedule;cron(00 14 * * ? *);sdlf-bigdata-redshift-segmentation-schedule-glue-job;pendiente;;
sdlf-bigdata-sp-cptp-cierre-saldos-cc-glue-trigger;sdlf-bigdata-sp-cptp-cierre-saldos-cc-glue-schedule;cron(05 15 3 * ? *);sdlf-bigdata-redshift-segmentation-schedule-glue-job;pendiente;;
sdlf-bigdata-sp-cptp-cierre-saldos-cv-glue-trigger;sdlf-bigdata-sp-cptp-cierre-saldos-cv-glue-schedule;cron(05 15 3 * ? *);sdlf-bigdata-redshift-segmentation-schedule-glue-job;pendiente;;
sdlf-bigdata-sp-cptp-crea-tablas-tef-glue-trigger;sdlf-bigdata-sp-cptp-crea-tablas-tef-glue-schedule;cron(00 12 * * ? *);sdlf-bigdata-redshift-segmentation-schedule-glue-job;pendiente;;
sdlf-bigdata-sp-cptp-directorio-ctacte-trigger;sdlf-bigdata-sp-cptp-directorio-ctacte-schedule;cron(00 14 ? * FRI *);sdlf-bigdata-redshift-segmentation-schedule-glue-job;pendiente;;
sdlf-bigdata-sp-cptp-flujo-contingencia-cupones-glue-trigger;sdlf-bigdata-sp-cptp-flujo-contingencia-cupones-glue-schedule;cron(00 13 * * ? *);sdlf-bigdata-redshift-segmentation-schedule-glue-job;pendiente;;
sdlf-bigdata-sp-cptp-new-reporte-abr-glue-trigger;sdlf-bigdata-sp-cptp-new-reporte-abr-glue-schedule;cron(00 11 * * ? *);sdlf-bigdata-redshift-segmentation-schedule-glue-job;pendiente;;
sdlf-bigdata-sp-cptp-oferta-linea-credito-glue-trigger;sdlf-bigdata-sp-cptp-oferta-linea-credito-glue-schedule;cron(30 15 3,4,5,6,7,8 * ? *);sdlf-bigdata-redshift-segmentation-schedule-glue-job;pendiente;;
sdlf-bigdata-sp-cptp-panel-adquisicion-glue-trigger;sdlf-bigdata-sp-cptp-panel-adquisicion-glue-schedule;cron(30 14,19 * * ? *);sdlf-bigdata-redshift-segmentation-schedule-glue-job;migrado;"trigger estaba ACTIVATED; schedule quedó ENABLED";2026-09-02 12:37:37
sdlf-bigdata-sp-cptp-panel-cc-trigger;sdlf-bigdata-sp-cptp-panel-cc-schedule;cron(00 14 * * ? *);sdlf-bigdata-redshift-segmentation-schedule-glue-job;pendiente;;
sdlf-bigdata-sp-cptp-panel-directorio-cc-resumen-glue-job;sdlf-bigdata-sp-cptp-panel-directorio-cc-resumen-glue-job-schedule;cron(00 17 ? * WED *);sdlf-bigdata-redshift-segmentation-schedule-glue-job;pendiente;;
sdlf-bigdata-sp-cptp-panel-planes;sdlf-bigdata-sp-cptp-panel-planes-schedule;cron(30 14 ? * * *);sdlf-bigdata-redshift-segmentation-schedule-glue-job;pendiente;;
sdlf-bigdata-sp-cptp-panels-dap-trigger;sdlf-bigdata-sp-cptp-panels-dap-schedule;cron(00 14 * * ? *);sdlf-bigdata-redshift-segmentation-schedule-glue-job;pendiente;;
sdlf-bigdata-sp-cptp-radiografia-cv-trigger;sdlf-bigdata-sp-cptp-radiografia-cv-schedule;cron(00 15 * * ? *);sdlf-bigdata-redshift-segmentation-schedule-glue-job;pendiente;;
sdlf-bigdata-sp-cptp-reporte-cc-remunerada-glue-trigger;sdlf-bigdata-sp-cptp-reporte-cc-remunerada-glue-schedule;cron(00 19 * * ? *);sdlf-bigdata-redshift-segmentation-schedule-glue-job;pendiente;;
sdlf-bigdata-sp-cptp-reporte-dap-trigger;sdlf-bigdata-sp-cptp-reporte-dap-schedule;cron(00 14 ? * MON,TUE,WED,THU,FRI *);sdlf-bigdata-redshift-segmentation-schedule-glue-job;pendiente;;
sdlf-bigdata-sp-cptp-saldo-dap-cierre-glue-trigger;sdlf-bigdata-sp-cptp-saldo-dap-cierre-glue-schedule;cron(27 15 ? * * *);sdlf-bigdata-redshift-segmentation-schedule-glue-job;pendiente;;
sdlf-bigdata-sp-cptp-seguimiento-piloto-planes-presencial-glue-trigger;sdlf-bigdata-sp-cptp-seguimiento-piloto-planes-presencial-glue-schedule;cron(05 16,21 * * ? *);sdlf-bigdata-redshift-segmentation-schedule-glue-job;revisar;nombre schedule >64 chars (71): renombrar a mano;2026-09-02 12:36:56
sdlf-bigdata-sp-cptp-var-saldos-cc-cv-mes-actual-glue-trigger;sdlf-bigdata-sp-cptp-var-saldos-cc-cv-mes-actual-glue-schedule;cron(00 14 * * ? *);sdlf-bigdata-redshift-segmentation-schedule-glue-job;pendiente;;
sdlf-bigdata-sp-cptp-var-saldos-dap-diario-glue-trigger;sdlf-bigdata-sp-cptp-var-saldos-dap-diario-glue-schedule;cron(00 15 * * ? *);sdlf-bigdata-redshift-segmentation-schedule-glue-job;pendiente;;
sdlf-bigdata-sp-cptp-var-saldos-dap-ult-mes-cerrado-glue-trigger;sdlf-bigdata-sp-cptp-var-saldos-dap-ult-mes-cerrado-glue-schedule;cron(00 14 1,2,3 * ? *);sdlf-bigdata-redshift-segmentation-schedule-glue-job;pendiente;;
sdlf-bigdata-sp-cptp-vencimiento-dap-trigger;sdlf-bigdata-sp-cptp-vencimiento-dap-schedule;cron(00 14 * * ? *);sdlf-bigdata-redshift-segmentation-schedule-glue-job;pendiente;;
sdlf-bigdata-sp-cptp-vencimientos-dap-trigger;sdlf-bigdata-sp-cptp-vencimientos-dap-schedule;cron(00 14 * * ? *);sdlf-bigdata-redshift-segmentation-schedule-glue-job;pendiente;;
sdlf-bigdata-sp-ctbl-base-nombres-itf-glue-trigger;sdlf-bigdata-sp-ctbl-base-nombres-itf-glue-schedule;cron(22 17 * * ? *);sdlf-bigdata-redshift-segmentation-schedule-glue-job;pendiente;;
sdlf-bigdata-sp-ctbl-build-consentimientos-datamart-glue-trigger;sdlf-bigdata-sp-ctbl-build-consentimientos-datamart-glue-schedule;cron(00 19 * * ? *);sdlf-bigdata-redshift-segmentation-schedule-glue-job;pendiente;;
sdlf-bigdata-sp-ctbl-consent-sms-datamaster-glue-trigger;sdlf-bigdata-sp-ctbl-consent-sms-datamaster-glue-schedule;cron(30 13 * * ? *);sdlf-bigdata-redshift-segmentation-schedule-glue-job;pendiente;;
sdlf-bigdata-sp-ctbl-consent-wsp-datamaster-glue-trigger;sdlf-bigdata-sp-ctbl-consent-wsp-datamaster-glue-schedule;cron(30 13 * * ? *);sdlf-bigdata-redshift-segmentation-schedule-glue-job;pendiente;;
sdlf-bigdata-sp-ctbl-consentimientos-glue-trigger;sdlf-bigdata-sp-ctbl-consentimientos-glue-schedule;cron(00 11 * * ? *);sdlf-bigdata-redshift-segmentation-schedule-glue-job;pendiente;;
sdlf-bigdata-sp-ctbl-contactabilidad-capta-panel-integral-glue-trigger;sdlf-bigdata-sp-ctbl-contactabilidad-capta-panel-integral-glue-schedule;cron(00 14 1 * ? *);sdlf-bigdata-redshift-segmentation-schedule-glue-job;pendiente;;
sdlf-bigdata-sp-ctbl-data-contacto-oc-glue-trigger;sdlf-bigdata-sp-ctbl-data-contacto-oc-glue-schedule;cron(10 9 * * ? *);sdlf-bigdata-redshift-segmentation-schedule-glue-job;pendiente;;
sdlf-bigdata-sp-ctbl-data-journeys-glue-trigger;sdlf-bigdata-sp-ctbl-data-journeys-glue-schedule;cron(00 15 * * ? *);sdlf-bigdata-redshift-segmentation-schedule-glue-job;pendiente;;
sdlf-bigdata-sp-ctbl-direcciones-glue-trigger;sdlf-bigdata-sp-ctbl-direcciones-glue-schedule;cron(0 8 * * ? *);sdlf-bigdata-redshift-segmentation-schedule-glue-job;pendiente;;
sdlf-bigdata-sp-ctbl-email-autom-refactor-glue-trigger;sdlf-bigdata-sp-ctbl-email-autom-refactor-glue-schedule;cron(0 12 * * ? *);sdlf-bigdata-redshift-segmentation-schedule-glue-job;pendiente;;
sdlf-bigdata-sp-ctbl-extraccion-bopers-glue-trigger;sdlf-bigdata-sp-ctbl-extraccion-bopers-glue-schedule;cron(00 10 * * ? *);sdlf-bigdata-redshift-segmentation-schedule-glue-job;pendiente;;
sdlf-bigdata-sp-ctbl-inhibir-not-call-area-seguros-glue-trigger;sdlf-bigdata-sp-ctbl-inhibir-not-call-area-seguros-glue-schedule;cron(30 7 * * ? *);sdlf-bigdata-redshift-segmentation-schedule-glue-job;pendiente;;
sdlf-bigdata-sp-ctbl-lnegro-car-trigger;sdlf-bigdata-sp-ctbl-lnegro-car-schedule;cron(55 8 * * ? *);sdlf-bigdata-redshift-segmentation-schedule-glue-job;pendiente;;
sdlf-bigdata-sp-ctbl-marca-contactabilidad-rut-glue-trigger;sdlf-bigdata-sp-ctbl-marca-contactabilidad-rut-glue-schedule;cron(0 12 ? * * *);sdlf-bigdata-redshift-segmentation-schedule-glue-job;pendiente;;
sdlf-bigdata-sp-ctbl-oferta-tc-td-glue-trigger;sdlf-bigdata-sp-ctbl-oferta-tc-td-glue-schedule;cron(55 12 ? * * *);sdlf-bigdata-redshift-segmentation-schedule-glue-job;pendiente;;
sdlf-bigdata-sp-ctbl-ppff-valida-trx-consumo-glue-trigger;sdlf-bigdata-sp-ctbl-ppff-valida-trx-consumo-glue-schedule;cron(00 14 * * ? *);sdlf-bigdata-redshift-segmentation-schedule-glue-job;pendiente;;
sdlf-bigdata-sp-ctbl-proc-contact-fonos-movil-glue-trigger;sdlf-bigdata-sp-ctbl-proc-contact-fonos-movil-glue-schedule;cron(45 1 * * ? *);sdlf-bigdata-redshift-segmentation-schedule-glue-job;pendiente;;
sdlf-bigdata-sp-ctbl-proc-demo-basket-glue-trigger;sdlf-bigdata-sp-ctbl-proc-demo-basket-glue-schedule;cron(00 12 * * ? *);sdlf-bigdata-redshift-segmentation-schedule-glue-job;pendiente;;
sdlf-bigdata-sp-ctbl-quiero-ser-cliente-glue-trigger;sdlf-bigdata-sp-ctbl-quiero-ser-cliente-glue-schedule;cron(00 12 * * ? *);sdlf-bigdata-redshift-segmentation-schedule-glue-job;pendiente;;
sdlf-bigdata-sp-ctbl-reporte-data-contacto-adquisicion-glue-trigger;sdlf-bigdata-sp-ctbl-reporte-data-contacto-adquisicion-glue-schedule;cron(10 17 * * ? *);sdlf-bigdata-redshift-segmentation-schedule-glue-job;pendiente;;
sdlf-bigdata-sp-ctbl-resumen-inhibiciones-sernac-glue-trigger;sdlf-bigdata-sp-ctbl-resumen-inhibiciones-sernac-glue-schedule;cron(00 11 * * ? *);sdlf-bigdata-redshift-segmentation-schedule-glue-job;pendiente;;
sdlf-bigdata-sp-ctbl-rutero-dir-rfraude-glue-trigger;sdlf-bigdata-sp-ctbl-rutero-dir-rfraude-glue-schedule;cron(10 15,20,2 * * ? *);sdlf-bigdata-redshift-segmentation-schedule-glue-job;migrado;"trigger estaba ACTIVATED; schedule quedó ENABLED";2026-09-02 12:37:39
sdlf-bigdata-sp-ctbl-seg-ac-dat-bop-glue-trigger;sdlf-bigdata-sp-ctbl-seg-ac-dat-bop-glue-schedule;cron(00 10 * * ? *);sdlf-bigdata-redshift-segmentation-schedule-glue-job;pendiente;;
sdlf-bigdata-sp-ctbl-sender-notcall-ccr-glue-trigger;sdlf-bigdata-sp-ctbl-sender-notcall-ccr-glue-schedule;cron(00 9 * * ? *);sdlf-bigdata-redshift-segmentation-schedule-glue-job;pendiente;;
sdlf-bigdata-sp-ctbl-sernac-auris-glue-trigger;sdlf-bigdata-sp-ctbl-sernac-auris-glue-schedule;cron(0 1 ? * MON-FRI *);sdlf-bigdata-redshift-segmentation-schedule-glue-job;pendiente;;
sdlf-bigdata-sp-ctbl-sernac-inhib-parte3-notcall-glue-trigger;sdlf-bigdata-sp-ctbl-sernac-inhib-parte3-notcall-glue-schedule;cron(15 8 * * ? *);sdlf-bigdata-redshift-segmentation-schedule-glue-job;pendiente;;
sdlf-bigdata-sp-ctbl-sernac-inhibir-parte1-banco-glue-trigger;sdlf-bigdata-sp-ctbl-sernac-inhibir-parte1-banco-glue-schedule;cron(0 8 * * ? *);sdlf-bigdata-redshift-segmentation-schedule-glue-job;pendiente;;
sdlf-bigdata-sp-ctbl-sernac-qa-trigger;sdlf-bigdata-sp-ctbl-sernac-qa-schedule;cron(50 9 ? * * *);sdlf-bigdata-redshift-segmentation-schedule-glue-job;pendiente;;
sdlf-bigdata-sp-ctbl-tr-captados-glue-trigger;sdlf-bigdata-sp-ctbl-tr-captados-glue-schedule;cron(00 15 * * ? *);sdlf-bigdata-redshift-segmentation-schedule-glue-job;pendiente;;
sdlf-bigdata-sp-ctbl-tr-fechas-glue-trigger;sdlf-bigdata-sp-ctbl-tr-fechas-glue-schedule;cron(01 4 * * ? *);sdlf-bigdata-redshift-segmentation-schedule-glue-job;pendiente;;
sdlf-bigdata-sp-ctbl-user-info-autom-glue-trigger;sdlf-bigdata-sp-ctbl-user-info-autom-glue-schedule;cron(25 13 * * ? *);sdlf-bigdata-redshift-segmentation-schedule-glue-job;pendiente;;
sdlf-bigdata-sp-ctbl-wca-sms-email-glue-trigger;sdlf-bigdata-sp-ctbl-wca-sms-email-glue-schedule;cron(35 8 * * ? *);sdlf-bigdata-redshift-segmentation-schedule-glue-job;pendiente;;
sdlf-bigdata-sp-cupon-ref-glue-trigger;sdlf-bigdata-sp-cupon-ref-glue-schedule;cron(40 18 ? * * *);sdlf-bigdata-redshift-segmentation-schedule-glue-job;pendiente;;
sdlf-bigdata-sp-dgtl-bases-diarias-glue-trigger;sdlf-bigdata-sp-dgtl-bases-diarias-glue-schedule;cron(30 9 * * ? *);sdlf-bigdata-redshift-segmentation-schedule-glue-job;pendiente;;
sdlf-bigdata-sp-dgtl-captacion-rmkt-tc-glue-trigger;sdlf-bigdata-sp-dgtl-captacion-rmkt-tc-glue-schedule;cron(30 20 * * ? *);sdlf-bigdata-redshift-segmentation-schedule-glue-job;pendiente;;
sdlf-bigdata-sp-dgtl-envios-synerise-trigger;sdlf-bigdata-sp-dgtl-envios-synerise-schedule;cron(00 12 * * ? *);sdlf-bigdata-redshift-segmentation-schedule-glue-job;pendiente;;
sdlf-bigdata-sp-dgtl-envios_datos_automaticos-glue-trigger;sdlf-bigdata-sp-dgtl-envios_datos_automaticos-glue-schedule;cron(0 19 * * ? *);sdlf-bigdata-redshift-segmentation-schedule-glue-job;pendiente;;
sdlf-bigdata-sp-dgtl-evolutivo-login-glue-trigger;sdlf-bigdata-sp-dgtl-evolutivo-login-glue-schedule;cron(30 14 * * ? *);sdlf-bigdata-redshift-segmentation-schedule-glue-job;pendiente;;
sdlf-bigdata-sp-dgtl-funnel-cuotizacion;sdlf-bigdata-sp-dgtl-funnel-cuotizacion-schedule;cron(00 13 ? * MON,TUE,WED,THU,FRI *);sdlf-bigdata-redshift-segmentation-schedule-glue-job;pendiente;;
sdlf-bigdata-sp-dgtl-funnel-dap-glue-trigger;sdlf-bigdata-sp-dgtl-funnel-dap-glue-schedule;cron(00 15 ? * MON-FRI *);sdlf-bigdata-redshift-segmentation-schedule-glue-job;pendiente;;
sdlf-bigdata-sp-dgtl-funnel-leads-ppff-glue-trigger;sdlf-bigdata-sp-dgtl-funnel-leads-ppff-glue-schedule;cron(15 7 * * ? *);sdlf-bigdata-redshift-segmentation-schedule-glue-job;pendiente;;
sdlf-bigdata-sp-dgtl-funnel-por-hora-glue-trigger;sdlf-bigdata-sp-dgtl-funnel-por-hora-glue-schedule;cron(0 12-0,1-4 * * ? *);sdlf-bigdata-redshift-segmentation-schedule-glue-job;migrado;"trigger estaba ACTIVATED; schedule quedó ENABLED";2026-09-02 12:37:40
sdlf-bigdata-sp-dgtl-funnel-ppff-captacion;sdlf-bigdata-sp-dgtl-funnel-ppff-captacion-schedule;cron(55 13 * * ? *);sdlf-bigdata-redshift-segmentation-schedule-glue-job;pendiente;;
sdlf-bigdata-sp-dgtl-funnel-ppff-glue-trigger;sdlf-bigdata-sp-dgtl-funnel-ppff-glue-schedule;cron(30 14 * * ? *);sdlf-bigdata-redshift-segmentation-schedule-glue-job;pendiente;;
sdlf-bigdata-sp-dgtl-grupos-facturacion-tenencia-td-login-glue-trigger;sdlf-bigdata-sp-dgtl-grupos-facturacion-tenencia-td-login-glue-schedule;cron(0 19 * * ? *);sdlf-bigdata-redshift-segmentation-schedule-glue-job;pendiente;;
sdlf-bigdata-sp-dgtl-interaccion-synerise-glue-trigger;sdlf-bigdata-sp-dgtl-interaccion-synerise-glue-schedule;cron(0 17 ? * * *);sdlf-bigdata-redshift-segmentation-schedule-glue-job;pendiente;;
sdlf-bigdata-sp-dgtl-leads-ppff-glue-trigger;sdlf-bigdata-sp-dgtl-leads-ppff-glue-schedule;cron(00 15 ? * MON,TUE,WED,THU,FRI *);sdlf-bigdata-redshift-segmentation-schedule-glue-job;pendiente;;
sdlf-bigdata-sp-dgtl-logeos-internet-glue-trigger;sdlf-bigdata-sp-dgtl-logeos-internet-glue-schedule;cron(00 14 * * ? *);sdlf-bigdata-redshift-segmentation-schedule-glue-job;pendiente;;
sdlf-bigdata-sp-dgtl-login-pwa-glue-trigger;sdlf-bigdata-sp-dgtl-login-pwa-glue-schedule;cron(0 15 ? * MON-FRI *);sdlf-bigdata-redshift-segmentation-schedule-glue-job;pendiente;;
sdlf-bigdata-sp-dgtl-modelo-campanas-sms-glue-trigger;sdlf-bigdata-sp-dgtl-modelo-campanas-sms-glue-schedule;cron(30 14 * * ? *);sdlf-bigdata-redshift-segmentation-schedule-glue-job;pendiente;;
sdlf-bigdata-sp-dgtl-oferta-perfil-login-curses-glue-trigger;sdlf-bigdata-sp-dgtl-oferta-perfil-login-curses-glue-schedule;cron(05 19 * * ? *);sdlf-bigdata-redshift-segmentation-schedule-glue-job;pendiente;;
sdlf-bigdata-sp-dgtl-perfil-digital-login-glue-trigger;sdlf-bigdata-sp-dgtl-perfil-digital-login-glue-schedule;cron(30 19 * * ? *);sdlf-bigdata-redshift-segmentation-schedule-glue-job;pendiente;;
sdlf-bigdata-sp-dgtl-perfilamiento-curses-pwa-glue-trigger;sdlf-bigdata-sp-dgtl-perfilamiento-curses-pwa-glue-schedule;cron(00 20 * * ? *);sdlf-bigdata-redshift-segmentation-schedule-glue-job;pendiente;;
sdlf-bigdata-sp-dgtl-reporte-campanas-glue-trigger;sdlf-bigdata-sp-dgtl-reporte-campanas-glue-schedule;cron(00 9 * * ? *);sdlf-bigdata-redshift-segmentation-schedule-glue-job;pendiente;;
sdlf-bigdata-sp-dgtl-reporte-captacion-glue-trigger;sdlf-bigdata-sp-dgtl-reporte-captacion-glue-schedule;cron(20 16 * * ? *);sdlf-bigdata-redshift-segmentation-schedule-glue-job;pendiente;;
sdlf-bigdata-sp-dgtl-reporte-rpass-nuevo-glue-trigger;sdlf-bigdata-sp-dgtl-reporte-rpass-nuevo-glue-schedule;cron(0 21 ? * MON-FRI *);sdlf-bigdata-redshift-segmentation-schedule-glue-job;pendiente;;
sdlf-bigdata-sp-dgtl-rpass-push-glue-trigger;sdlf-bigdata-sp-dgtl-rpass-push-glue-schedule;cron(0 15 ? * mon-fri *);sdlf-bigdata-redshift-segmentation-schedule-glue-job;pendiente;;
sdlf-bigdata-sp-dgtl-simulaciones-internet-auto-glue-trigger;sdlf-bigdata-sp-dgtl-simulaciones-internet-auto-glue-schedule;cron(00 19 * * ? *);sdlf-bigdata-redshift-segmentation-schedule-glue-job;pendiente;;
sdlf-bigdata-sp-dgtl-tablon-comunicacional-buckets-glue-trigger;sdlf-bigdata-sp-dgtl-tablon-comunicacional-buckets-glue-schedule;cron(00 12 * * ? *);sdlf-bigdata-redshift-segmentation-schedule-glue-job;pendiente;;
sdlf-bigdata-sp-dgtl-venta-ripley-oferta-tc-glue-trigger;sdlf-bigdata-sp-dgtl-venta-ripley-oferta-tc-glue-schedule;cron(0 14 ? * * *);sdlf-bigdata-redshift-segmentation-schedule-glue-job;pendiente;;
sdlf-bigdata-sp-dgtl-venta-seguros-real-glue-trigger;sdlf-bigdata-sp-dgtl-venta-seguros-real-glue-schedule;cron(00 14 ? * THU *);sdlf-bigdata-redshift-segmentation-schedule-glue-job;pendiente;;
sdlf-bigdata-sp-digital-ppff-rmkt-push-glue-trigger;sdlf-bigdata-sp-digital-ppff-rmkt-push-glue-schedule;cron(00 11 * * ? *);sdlf-bigdata-redshift-segmentation-schedule-glue-job;pendiente;;
sdlf-bigdata-sp-digital-recordatorio-ppff-push-glue-trigger;sdlf-bigdata-sp-digital-recordatorio-ppff-push-glue-schedule;cron(0 14 ? * mon-fri *);sdlf-bigdata-redshift-segmentation-schedule-glue-job;pendiente;;
sdlf-bigdata-sp-earq-count-dup-cdcreporitf-glue-trigger;sdlf-bigdata-sp-earq-count-dup-cdcreporitf-glue-schedule;cron(10 4 * * ? *);sdlf-bigdata-redshift-segmentation-schedule-glue-job;pendiente;;
sdlf-bigdata-sp-earq-count-dup-cdcreporitf2-glue-trigger;sdlf-bigdata-sp-earq-count-dup-cdcreporitf2-glue-schedule;cron(10 07 * * ? *);sdlf-bigdata-redshift-segmentation-schedule-glue-job;pendiente;;
sdlf-bigdata-sp-earq-count-dup-glue-trigger;sdlf-bigdata-sp-earq-count-dup-glue-schedule;cron(40 3 * * ? *);sdlf-bigdata-redshift-segmentation-schedule-glue-job;pendiente;;
sdlf-bigdata-sp-earq-seguim-uso-tablas-redshift-dm-glue-trigger;sdlf-bigdata-sp-earq-seguim-uso-tablas-redshift-dm-glue-schedule;cron(15 */3 * * ? *);sdlf-bigdata-redshift-segmentation-schedule-glue-job;migrado;"trigger estaba ACTIVATED; schedule quedó ENABLED";2026-09-02 12:37:41
sdlf-bigdata-sp-earq-shared-planif-com-glue-trigger;sdlf-bigdata-sp-earq-shared-planif-com-glue-schedule;cron(00 1 * * ? *);sdlf-bigdata-redshift-segmentation-schedule-glue-job;pendiente;;
sdlf-bigdata-sp-earq-shared-tablas-bopers-glue-trigger;sdlf-bigdata-sp-earq-shared-tablas-bopers-glue-schedule;cron(0 7 ? * * *);sdlf-bigdata-redshift-segmentation-schedule-glue-job;pendiente;;
sdlf-bigdata-sp-earq-tablas-actualizacion-glue-trigger;sdlf-bigdata-sp-earq-tablas-actualizacion-glue-schedule;cron(0 13,15,18,20,22 ? * MON-FRI *);sdlf-bigdata-redshift-segmentation-schedule-glue-job;pendiente;;
sdlf-bigdata-sp-earq-update-mpdt004-glue-trigger;sdlf-bigdata-sp-earq-update-mpdt004-glue-schedule;cron(25 12 ? * * *);sdlf-bigdata-redshift-segmentation-schedule-glue-job;pendiente;;
sdlf-bigdata-sp-earq-update-mpdt011-glue-trigger;sdlf-bigdata-sp-earq-update-mpdt011-glue-schedule;cron(47 12 ? * * *);sdlf-bigdata-redshift-segmentation-schedule-glue-job;pendiente;;
sdlf-bigdata-sp-earq-update-mpdt012-glue-trigger;sdlf-bigdata-sp-earq-update-mpdt012-glue-schedule;cron(47 12 ? * * *);sdlf-bigdata-redshift-segmentation-schedule-glue-job;pendiente;;
sdlf-bigdata-sp-earq-update-mpdt113-glue-trigger;sdlf-bigdata-sp-earq-update-mpdt113-glue-schedule;cron(44 12 ? * * *);sdlf-bigdata-redshift-segmentation-schedule-glue-job;pendiente;;
sdlf-bigdata-sp-earq-update-mpdt151-glue-trigger;sdlf-bigdata-sp-earq-update-mpdt151-glue-schedule;cron(40 12,13 * * ? *);sdlf-bigdata-redshift-segmentation-schedule-glue-job;migrado;"trigger estaba ACTIVATED; schedule quedó ENABLED";2026-09-02 12:37:42
sdlf-bigdata-sp-earq-update-mpdt182-glue-trigger;sdlf-bigdata-sp-earq-update-mpdt182-glue-schedule;cron(43 12 ? * * *);sdlf-bigdata-redshift-segmentation-schedule-glue-job;pendiente;;
sdlf-bigdata-sp-earq-update-mpdt205-glue-trigger;sdlf-bigdata-sp-earq-update-mpdt205-glue-schedule;cron(42 12 ? * * *);sdlf-bigdata-redshift-segmentation-schedule-glue-job;pendiente;;
sdlf-bigdata-sp-earq-update-mpdt206-glue-trigger;sdlf-bigdata-sp-earq-update-mpdt206-glue-schedule;cron(42 12 ? * * *);sdlf-bigdata-redshift-segmentation-schedule-glue-job;pendiente;;
sdlf-bigdata-sp-earq-update-mpdt207-glue-trigger;sdlf-bigdata-sp-earq-update-mpdt207-glue-schedule;cron(45 12 ? * * *);sdlf-bigdata-redshift-segmentation-schedule-glue-job;pendiente;;
sdlf-bigdata-sp-earq-update-mpdt209-glue-trigger;sdlf-bigdata-sp-earq-update-mpdt209-glue-schedule;cron(45 12 ? * * *);sdlf-bigdata-redshift-segmentation-schedule-glue-job;pendiente;;
sdlf-bigdata-sp-earq-update-mpdt462-glue-trigger;sdlf-bigdata-sp-earq-update-mpdt462-glue-schedule;cron(40 12 ? * * *);sdlf-bigdata-redshift-segmentation-schedule-glue-job;pendiente;;
sdlf-bigdata-sp-fact-email-reimpresion-tam-glue-trigger;sdlf-bigdata-sp-fact-email-reimpresion-tam-glue-schedule;cron(30 13 ? * MON *);sdlf-bigdata-redshift-segmentation-schedule-glue-job;pendiente;;
sdlf-bigdata-sp-funnel-ppff-presencial-glue-trigger;sdlf-bigdata-sp-funnel-ppff-presencial-glue-schedule;cron(00 14 * * ? *);sdlf-bigdata-redshift-segmentation-schedule-glue-job;pendiente;;
sdlf-bigdata-sp-mdpg-analisis-cuotas-depto-glue-trigger;sdlf-bigdata-sp-mdpg-analisis-cuotas-depto-glue-schedule;cron(0 14 ? * * *);sdlf-bigdata-redshift-segmentation-schedule-glue-job;pendiente;;
sdlf-bigdata-sp-mdpg-cascada-medio-pago-glue-trigger;sdlf-bigdata-sp-mdpg-cascada-medio-pago-glue-schedule;cron(0 14 ? * MON *);sdlf-bigdata-redshift-segmentation-schedule-glue-job;pendiente;;
sdlf-bigdata-sp-mdpg-clave-coordenadas-glue-trigger;sdlf-bigdata-sp-mdpg-clave-coordenadas-glue-schedule;cron(0 0 * * ? *);sdlf-bigdata-redshift-segmentation-schedule-glue-job;pendiente;;
sdlf-bigdata-sp-mdpg-clave-unica-glue-trigger;sdlf-bigdata-sp-mdpg-clave-unica-glue-schedule;cron(0 0 * * ? *);sdlf-bigdata-redshift-segmentation-schedule-glue-job;pendiente;;
sdlf-bigdata-sp-mdpg-cliente-unico-vn-glue-trigger;sdlf-bigdata-sp-mdpg-cliente-unico-vn-glue-schedule;cron(00 19 * * ? *);sdlf-bigdata-redshift-segmentation-schedule-glue-job;pendiente;;
sdlf-bigdata-sp-mdpg-contratos-itf-glue-trigger;sdlf-bigdata-sp-mdpg-contratos-itf-glue-schedule;cron(00 19 * * ? *);sdlf-bigdata-redshift-segmentation-schedule-glue-job;pendiente;;
sdlf-bigdata-sp-mdpg-cup-presencial-glue-trigger;sdlf-bigdata-sp-mdpg-cup-presencial-glue-schedule;cron(05 14 * * ? *);sdlf-bigdata-redshift-segmentation-schedule-glue-job;pendiente;;
sdlf-bigdata-sp-mdpg-division-preferente-tda-glue-trigger;sdlf-bigdata-sp-mdpg-division-preferente-tda-glue-schedule;cron(30 10 * * ? *);sdlf-bigdata-redshift-segmentation-schedule-glue-job;pendiente;;
sdlf-bigdata-sp-mdpg-modelo-fuga-glue-trigger;sdlf-bigdata-sp-mdpg-modelo-fuga-glue-schedule;cron(00 15 * * ? *);sdlf-bigdata-redshift-segmentation-schedule-glue-job;pendiente;;
sdlf-bigdata-sp-mdpg-mora-car-sinacofi-glue-trigger;sdlf-bigdata-sp-mdpg-mora-car-sinacofi-glue-schedule;cron(07 14 * * ? *);sdlf-bigdata-redshift-segmentation-schedule-glue-job;pendiente;;
sdlf-bigdata-sp-mdpg-piloto-uso-tr-glue-trigger;sdlf-bigdata-sp-mdpg-piloto-uso-tr-glue-schedule;cron(00 15 * * ? *);sdlf-bigdata-redshift-segmentation-schedule-glue-job;pendiente;;
sdlf-bigdata-sp-mdpg-seguimiento-cupones-glue-trigger;sdlf-bigdata-sp-mdpg-seguimiento-cupones-glue-schedule;cron(00 12,16 * * ? *);sdlf-bigdata-redshift-segmentation-schedule-glue-job;migrado;"trigger estaba ACTIVATED; schedule quedó ENABLED";2026-09-02 12:37:43
sdlf-bigdata-sp-mdpg-seguimiento-innominada-glue-trigger;sdlf-bigdata-sp-mdpg-seguimiento-innominada-glue-schedule;cron(00 12 * * ? *);sdlf-bigdata-redshift-segmentation-schedule-glue-job;pendiente;;
sdlf-bigdata-sp-mdpg-seguimiento-pec-trigger;sdlf-bigdata-sp-mdpg-seguimiento-pec-schedule;cron(00 14,22 * * ? *);sdlf-bigdata-redshift-segmentation-schedule-glue-job;migrado;"trigger estaba ACTIVATED; schedule quedó ENABLED";2026-09-02 12:37:44
sdlf-bigdata-sp-mdpg-tableau-epu-glue-trigger;sdlf-bigdata-sp-mdpg-tableau-epu-glue-schedule;cron(0 15 * * ? *);sdlf-bigdata-redshift-segmentation-schedule-glue-job;pendiente;;
sdlf-bigdata-sp-mdpg-uso-tr-marca-glue-trigger;sdlf-bigdata-sp-mdpg-uso-tr-marca-glue-schedule;cron(00 14 * * ? *);sdlf-bigdata-redshift-segmentation-schedule-glue-job;pendiente;;
sdlf-bigdata-sp-mpdg-mov-dev-sin-pan-glue-trigger;sdlf-bigdata-sp-mpdg-mov-dev-sin-pan-glue-schedule;cron(00 15 * * ? *);sdlf-bigdata-redshift-segmentation-schedule-glue-job;pendiente;;
sdlf-bigdata-sp-onb-planes-clientes-glue-trigger;sdlf-bigdata-sp-onb-planes-clientes-glue-schedule;cron(0 18 ? * * *);sdlf-bigdata-redshift-segmentation-schedule-glue-job;pendiente;;
sdlf-bigdata-sp-piloto-r-gold-glue-trigger;sdlf-bigdata-sp-piloto-r-gold-glue-schedule;cron(0 20 ? * * *);sdlf-bigdata-redshift-segmentation-schedule-glue-job;pendiente;;
sdlf-bigdata-sp-ppff-actualizar-base_ofertas-pd-digital-periodo-glue-trigger;sdlf-bigdata-sp-ppff-actualizar-base_ofertas-pd-digital-periodo-glue-schedule;cron(00 15 * * ? *);sdlf-bigdata-redshift-segmentation-schedule-glue-job;pendiente;;
sdlf-bigdata-sp-ppff-actualizar-sav-motor-mes-actual-glue-trigger;sdlf-bigdata-sp-ppff-actualizar-sav-motor-mes-actual-glue-schedule;cron(30 12-21 * * ? *);sdlf-bigdata-redshift-segmentation-schedule-glue-job;revisar;nombre schedule >64 chars (66): renombrar a mano;2026-09-02 12:37:00
sdlf-bigdata-sp-ppff-avance-fin-glue-trigger;sdlf-bigdata-sp-ppff-avance-fin-glue-schedule;cron(36 16 ? * * *);sdlf-bigdata-redshift-segmentation-schedule-glue-job;pendiente;;
sdlf-bigdata-sp-ppff-banco-secundario-trigger;sdlf-bigdata-sp-ppff-banco-secundario-schedule;cron(0 11 3 * ? *);sdlf-bigdata-redshift-segmentation-schedule-glue-job;pendiente;;
sdlf-bigdata-sp-ppff-base-planes-nps-glue-trigger;sdlf-bigdata-sp-ppff-base-planes-nps-glue-schedule;cron(0 6 * * ? *);sdlf-bigdata-redshift-segmentation-schedule-glue-job;pendiente;;
sdlf-bigdata-sp-ppff-cc-radiografia-trigger;sdlf-bigdata-sp-ppff-cc-radiografia-schedule;cron(20 15 * * ? *);sdlf-bigdata-redshift-segmentation-schedule-glue-job;pendiente;;
sdlf-bigdata-sp-ppff-cc-remunerada-nuevos-glue-trigger;sdlf-bigdata-sp-ppff-cc-remunerada-nuevos-glue-schedule;cron(0 3,15 ? * * *);sdlf-bigdata-redshift-segmentation-schedule-glue-job;migrado;"trigger estaba ACTIVATED; schedule quedó ENABLED";2026-09-02 12:37:45
sdlf-bigdata-sp-ppff-cobranza-consumo-glue-trigger;sdlf-bigdata-sp-ppff-cobranza-consumo-glue-schedule;cron(00 13 * * ? *);sdlf-bigdata-redshift-segmentation-schedule-glue-job;pendiente;;
sdlf-bigdata-sp-ppff-compra-en-cuotas-glue-trigger;sdlf-bigdata-sp-ppff-compra-en-cuotas-glue-schedule;cron(05 15 * * ? *);sdlf-bigdata-redshift-segmentation-schedule-glue-job;pendiente;;
sdlf-bigdata-sp-ppff-contrato-epu-glue-trigger;sdlf-bigdata-sp-ppff-contrato-epu-glue-schedule;cron(30 14 * * ? *);sdlf-bigdata-redshift-segmentation-schedule-glue-job;pendiente;;
sdlf-bigdata-sp-ppff-contratos-unicos-glue-trigger;sdlf-bigdata-sp-ppff-contratos-unicos-glue-schedule;cron(7 14 ? * * *);sdlf-bigdata-redshift-segmentation-schedule-glue-job;pendiente;;
sdlf-bigdata-sp-ppff-data-transaccional-glue-trigger;sdlf-bigdata-sp-ppff-data-transaccional-glue-schedule;cron(30 14 ? * * *);sdlf-bigdata-redshift-segmentation-schedule-glue-job;pendiente;;
sdlf-bigdata-sp-ppff-dispo-av-compra-glue-trigger;sdlf-bigdata-sp-ppff-dispo-av-compra-glue-schedule;cron(30 8 * * ? *);sdlf-bigdata-redshift-segmentation-schedule-glue-job;pendiente;;
sdlf-bigdata-sp-ppff-disponibles-tr-glue-trigger;sdlf-bigdata-sp-ppff-disponibles-tr-glue-schedule;cron(00 12 * * ? *);sdlf-bigdata-redshift-segmentation-schedule-glue-job;pendiente;;
sdlf-bigdata-sp-ppff-evol-trx-agg-glue-trigger;sdlf-bigdata-sp-ppff-evol-trx-agg-glue-schedule;cron(05 15 * * ? *);sdlf-bigdata-redshift-segmentation-schedule-glue-job;pendiente;;
sdlf-bigdata-sp-ppff-evolutivo-trx-power-bi-glue-trigger;sdlf-bigdata-sp-ppff-evolutivo-trx-power-bi-glue-schedule;cron(00 16 * * ? *);sdlf-bigdata-redshift-segmentation-schedule-glue-job;pendiente;;
sdlf-bigdata-sp-ppff-evolutivo-venta-ref-glue-trigger;sdlf-bigdata-sp-ppff-evolutivo-venta-ref-glue-schedule;cron(45 14 * * ? *);sdlf-bigdata-redshift-segmentation-schedule-glue-job;pendiente;;
sdlf-bigdata-sp-ppff-funnel-av-glue-trigger;sdlf-bigdata-sp-ppff-funnel-av-glue-schedule;cron(30 14 * * ? *);sdlf-bigdata-redshift-segmentation-schedule-glue-job;pendiente;;
sdlf-bigdata-sp-ppff-funnel-sav-trigger;sdlf-bigdata-sp-ppff-funnel-sav-schedule;cron(30 14 * * ? *);sdlf-bigdata-redshift-segmentation-schedule-glue-job;pendiente;;
sdlf-bigdata-sp-ppff-guarda-historico-pd-av-sav-glue-trigger;sdlf-bigdata-sp-ppff-guarda-historico-pd-av-sav-glue-schedule;cron(30 13 * * ? *);sdlf-bigdata-redshift-segmentation-schedule-glue-job;pendiente;;
sdlf-bigdata-sp-ppff-guarda-historico-pd-consumo-glue-trigger;sdlf-bigdata-sp-ppff-guarda-historico-pd-consumo-glue-schedule;cron(30 13 * * ? *);sdlf-bigdata-redshift-segmentation-schedule-glue-job;pendiente;;
sdlf-bigdata-sp-ppff-guarda-historico-segmento-av-sav-glue-trigger;sdlf-bigdata-sp-ppff-guarda-historico-segmento-av-sav-glue-schedule;cron(30 13 * * ? *);sdlf-bigdata-redshift-segmentation-schedule-glue-job;pendiente;;
sdlf-bigdata-sp-ppff-guarda-historico-segmento-consumo-glue-trigger;sdlf-bigdata-sp-ppff-guarda-historico-segmento-consumo-glue-schedule;cron(30 13 * * ? *);sdlf-bigdata-redshift-segmentation-schedule-glue-job;pendiente;;
sdlf-bigdata-sp-ppff-info-dap-glue-trigger;sdlf-bigdata-sp-ppff-info-dap-glue-schedule;cron(0 10 * * ? *);sdlf-bigdata-redshift-segmentation-schedule-glue-job;pendiente;;
sdlf-bigdata-sp-ppff-informe-gestion-canon-consumo-glue-trigger;sdlf-bigdata-sp-ppff-informe-gestion-canon-consumo-glue-schedule;cron(0 14 ? * * *);sdlf-bigdata-redshift-segmentation-schedule-glue-job;pendiente;;
sdlf-bigdata-sp-ppff-leads-piloto-glue-trigger;sdlf-bigdata-sp-ppff-leads-piloto-glue-schedule;cron(30 12 * * ? *);sdlf-bigdata-redshift-segmentation-schedule-glue-job;pendiente;;
sdlf-bigdata-sp-ppff-leads-sav-call-center-glue-trigger;sdlf-bigdata-sp-ppff-leads-sav-call-center-glue-schedule;cron(30 12,13,14,15,16,17,18,19,20,21,22,23 ? * MON-SAT *);sdlf-bigdata-redshift-segmentation-schedule-glue-job;pendiente;;
sdlf-bigdata-sp-ppff-operaciones-dap-diario-glue-trigger;sdlf-bigdata-sp-ppff-operaciones-dap-diario-glue-schedule;cron(00 19 * * ? *);sdlf-bigdata-redshift-segmentation-schedule-glue-job;pendiente;;
sdlf-bigdata-sp-ppff-operaciones-dap-glue-trigger;sdlf-bigdata-sp-ppff-operaciones-dap-glue-schedule;cron(45 12 * * ? *);sdlf-bigdata-redshift-segmentation-schedule-glue-job;pendiente;;
sdlf-bigdata-sp-ppff-panel-cuenta-vista-glue-trigger;sdlf-bigdata-sp-ppff-panel-cuenta-vista-glue-schedule;cron(30 13 * * ? *);sdlf-bigdata-redshift-segmentation-schedule-glue-job;pendiente;;
sdlf-bigdata-sp-ppff-planes-operaciones-trigger;sdlf-bigdata-sp-ppff-planes-operaciones-schedule;cron(30 12 ? * MON,TUE,WED,THU,FRI *);sdlf-bigdata-redshift-segmentation-schedule-glue-job;pendiente;;
sdlf-bigdata-sp-ppff-principalidad-uso-tctd-glue-trigger;sdlf-bigdata-sp-ppff-principalidad-uso-tctd-glue-schedule;cron(30 10 5 * ? *);sdlf-bigdata-redshift-segmentation-schedule-glue-job;pendiente;;
sdlf-bigdata-sp-ppff-resumen-panel-dap-glue-trigger;sdlf-bigdata-sp-ppff-resumen-panel-dap-glue-schedule;cron(0 19 * * ? *);sdlf-bigdata-redshift-segmentation-schedule-glue-job;pendiente;;
sdlf-bigdata-sp-ppff-saldo-sav-glue-trigger;sdlf-bigdata-sp-ppff-saldo-sav-glue-schedule;cron(0 4 3 * ? *);sdlf-bigdata-redshift-segmentation-schedule-glue-job;pendiente;;
sdlf-bigdata-sp-ppff-saldos-cc-glue-trigger;sdlf-bigdata-sp-ppff-saldos-cc-glue-schedule;cron(00 15 * * ? *);sdlf-bigdata-redshift-segmentation-schedule-glue-job;pendiente;;
sdlf-bigdata-sp-ppff-seguimiento-canon-glue-trigger;sdlf-bigdata-sp-ppff-seguimiento-canon-glue-schedule;cron(20 14 * * ? *);sdlf-bigdata-redshift-segmentation-schedule-glue-job;pendiente;;
sdlf-bigdata-sp-ppff-stock-cc-glue-trigger;sdlf-bigdata-sp-ppff-stock-cc-glue-schedule;cron(30 12 * * ? *);sdlf-bigdata-redshift-segmentation-schedule-glue-job;pendiente;;
sdlf-bigdata-sp-ppff-stock-dap-glue-trigger;sdlf-bigdata-sp-ppff-stock-dap-glue-schedule;cron(00 19 * * ? *);sdlf-bigdata-redshift-segmentation-schedule-glue-job;pendiente;;
sdlf-bigdata-sp-ppff-tablas-cuenta-vista-glue-trigger;sdlf-bigdata-sp-ppff-tablas-cuenta-vista-glue-schedule;cron(45 13 * * ? *);sdlf-bigdata-redshift-segmentation-schedule-glue-job;pendiente;;
sdlf-bigdata-sp-ppff-tablon-campanas-glue-trigger;sdlf-bigdata-sp-ppff-tablon-campanas-glue-schedule;cron(00 8 * * ? *);sdlf-bigdata-redshift-segmentation-schedule-glue-job;pendiente;;
sdlf-bigdata-sp-ppff-tablon-de-visitas-glue-trigger;sdlf-bigdata-sp-ppff-tablon-de-visitas-glue-schedule;cron(0 13 * * ? *);sdlf-bigdata-redshift-segmentation-schedule-glue-job;pendiente;;
sdlf-bigdata-sp-ppff-variables-motor-precio-trigger;sdlf-bigdata-sp-ppff-variables-motor-precio-schedule;cron(00 13 * * ? *);sdlf-bigdata-redshift-segmentation-schedule-glue-job;pendiente;;
sdlf-bigdata-sp-reporte-aperturas-por-negocios-glue-trigger;sdlf-bigdata-sp-reporte-aperturas-por-negocios-glue-schedule;cron(12 7 * * ? *);sdlf-bigdata-redshift-segmentation-schedule-glue-job;pendiente;;
sdlf-bigdata-sp-retl-crbdtx-mov-vta-crz-glue-trigger;sdlf-bigdata-sp-retl-crbdtx-mov-vta-crz-glue-schedule;cron(0 12,21 * * ? *);sdlf-bigdata-redshift-segmentation-schedule-glue-job;migrado;"trigger estaba ACTIVATED; schedule quedó ENABLED";2026-09-02 12:43:17
sdlf-bigdata-sp-retl-loyalty-puntos-glue-trigger;sdlf-bigdata-sp-retl-loyalty-puntos-glue-schedule;cron(0 16 ? * * *);sdlf-bigdata-redshift-segmentation-schedule-glue-job;pendiente;;
sdlf-bigdata-sp-retl-retail-tables-glue-trigger;sdlf-bigdata-sp-retl-retail-tables-glue-schedule;cron(00 11 * * ? *);sdlf-bigdata-redshift-segmentation-schedule-glue-job;pendiente;;
sdlf-bigdata-sp-run-camp-reporte-consolidado-campanas-glue-trigger;sdlf-bigdata-sp-run-camp-reporte-consolidado-campanas-glue-schedule;cron(35 11 ? * * *);sdlf-bigdata-redshift-segmentation-schedule-glue-job;pendiente;;
sdlf-bigdata-sp-run-campanas-por-cliente-semanal-glue-trigger;sdlf-bigdata-sp-run-campanas-por-cliente-semanal-glue-schedule;cron(30 16 3,10,18,23,29,30,31 * ? *);sdlf-bigdata-redshift-segmentation-schedule-glue-job;pendiente;;
sdlf-bigdata-sp-run-clts-cactivos-universo-adquisicion-10:05-glue-trigger;sdlf-bigdata-sp-run-clts-cactivos-universo-adquisicion-10:05-glue-schedule;cron(5 14 ? * * *);sdlf-bigdata-redshift-segmentation-schedule-glue-job;pendiente;;
sdlf-bigdata-sp-run-clts-cactivos-universo-adquisicion-glue-trigger;sdlf-bigdata-sp-run-clts-cactivos-universo-adquisicion-glue-schedule;cron(25 16 * * ? *);sdlf-bigdata-redshift-segmentation-schedule-glue-job;pendiente;;
sdlf-bigdata-sp-run-clts-onboarding-blando-duro-glue-trigger;sdlf-bigdata-sp-run-clts-onboarding-blando-duro-glue-schedule;cron(00 21 * * ? *);sdlf-bigdata-redshift-segmentation-schedule-glue-job;pendiente;;
sdlf-bigdata-sp-run-cptp-adquisicion-tc-cc-activacion-glue-trigger;sdlf-bigdata-sp-run-cptp-adquisicion-tc-cc-activacion-glue-schedule;cron(0 21 ? * * *);sdlf-bigdata-redshift-segmentation-schedule-glue-job;pendiente;;
sdlf-bigdata-sp-run-cptp-mov-cuenta-corriente-historia-glue-trigger;sdlf-bigdata-sp-run-cptp-mov-cuenta-corriente-historia-glue-schedule;cron(37 13 ? * * *);sdlf-bigdata-redshift-segmentation-schedule-glue-job;pendiente;;
sdlf-bigdata-sp-run-cptp-mov-cuenta-vista-historia-glue-trigger;sdlf-bigdata-sp-run-cptp-mov-cuenta-vista-historia-glue-schedule;cron(37 13 ? * * *);sdlf-bigdata-redshift-segmentation-schedule-glue-job;pendiente;;
sdlf-bigdata-sp-run-cptp-primera-compra-spos-trigger;sdlf-bigdata-sp-run-cptp-primera-compra-spos-schedule;cron(00 15 ? * MON *);sdlf-bigdata-redshift-segmentation-schedule-glue-job;pendiente;;
sdlf-bigdata-sp-run-ctbl-consentimiento-vista-consentiemiento-glue-trigger;sdlf-bigdata-sp-run-ctbl-consentimiento-vista-consentiemiento-glue-schedule;cron(00 14 * * ? *);sdlf-bigdata-redshift-segmentation-schedule-glue-job;pendiente;;
sdlf-bigdata-sp-run-dgtl-reporte-campanas-gc-glue-trigger;sdlf-bigdata-sp-run-dgtl-reporte-campanas-gc-glue-schedule;cron(35 11 ? * * *);sdlf-bigdata-redshift-segmentation-schedule-glue-job;pendiente;;
sdlf-bigdata-sp-run-funnel-final-tc-presencial-glue-trigger;sdlf-bigdata-sp-run-funnel-final-tc-presencial-glue-schedule;cron(30 20 * * ? *);sdlf-bigdata-redshift-segmentation-schedule-glue-job;pendiente;;
sdlf-bigdata-sp-run-mdpg-cliente-uso-corte-trigger;sdlf-bigdata-sp-run-mdpg-cliente-uso-corte-schedule;cron(30 14 * * ? *);sdlf-bigdata-redshift-segmentation-schedule-glue-job;pendiente;;
sdlf-bigdata-sp-run-mdpg-reporte-apple-glue-trigger;sdlf-bigdata-sp-run-mdpg-reporte-apple-glue-schedule;cron(39 13 ? * * *);sdlf-bigdata-redshift-segmentation-schedule-glue-job;pendiente;;
sdlf-bigdata-sp-run-mdpg-vista-fuga-glue-trigger;sdlf-bigdata-sp-run-mdpg-vista-fuga-glue-schedule;cron(52 13 ? * * *);sdlf-bigdata-redshift-segmentation-schedule-glue-job;pendiente;;
sdlf-bigdata-sp-run-ppff-aceptacion-pop-up-cc-remunerada-captados-glue-trigger;sdlf-bigdata-sp-run-ppff-aceptacion-pop-up-cc-remunerada-captados-glue-schedule;cron(0 2,14 ? * * *);sdlf-bigdata-redshift-segmentation-schedule-glue-job;revisar;nombre schedule >64 chars (79): renombrar a mano;2026-09-02 12:39:33
sdlf-bigdata-sp-run-ppff-contact-canon-consumo-glue-trigger;sdlf-bigdata-sp-run-ppff-contact-canon-consumo-glue-schedule;cron(00 14 * * ? *);sdlf-bigdata-redshift-segmentation-schedule-glue-job;pendiente;;
sdlf-bigdata-sp-run-ppff-foto-tablon-campana-glue-trigger;sdlf-bigdata-sp-run-ppff-foto-tablon-campana-glue-schedule;cron(00 15 10 * ? *);sdlf-bigdata-redshift-segmentation-schedule-glue-job;pendiente;;
sdlf-bigdata-sp-run-ppff-obtencion-clientes-nuevoship-glue-trigger;sdlf-bigdata-sp-run-ppff-obtencion-clientes-nuevoship-glue-schedule;cron(00 14 15 * ? *);sdlf-bigdata-redshift-segmentation-schedule-glue-job;pendiente;;
sdlf-bigdata-sp-run-ppff-radiografia-planes-glue-trigger;sdlf-bigdata-sp-run-ppff-radiografia-planes-glue-schedule;cron(0 15 * * ? *);sdlf-bigdata-redshift-segmentation-schedule-glue-job;pendiente;;
sdlf-bigdata-sp-run-ppff-veintiles-sav-cons-glue-trigger;sdlf-bigdata-sp-run-ppff-veintiles-sav-cons-glue-schedule;cron(00 17 ? * FRI *);sdlf-bigdata-redshift-segmentation-schedule-glue-job;pendiente;;
sdlf-bigdata-sp-run-spos-foto-rubro-trigger;sdlf-bigdata-sp-run-spos-foto-rubro-schedule;cron(30 14 * * ? *);sdlf-bigdata-redshift-segmentation-schedule-glue-job;pendiente;;
sdlf-bigdata-sp-run-sql-query-glue-trigger;sdlf-bigdata-sp-run-sql-query-glue-schedule;cron(00 7 * * ? *);sdlf-bigdata-redshift-segmentation-schedule-glue-job;pendiente;;
sdlf-bigdata-sp-spos-analisis-petrobras-glue-trigger;sdlf-bigdata-sp-spos-analisis-petrobras-glue-schedule;cron(30 14 ? * THU *);sdlf-bigdata-redshift-segmentation-schedule-glue-job;pendiente;;
sdlf-bigdata-sp-spos-antiguedad-uso-glue-trigger;sdlf-bigdata-sp-spos-antiguedad-uso-glue-schedule;cron(0 14 ? * * *);sdlf-bigdata-redshift-segmentation-schedule-glue-job;pendiente;;
sdlf-bigdata-sp-spos-base-popup-concrecion-glue-trigger;sdlf-bigdata-sp-spos-base-popup-concrecion-glue-schedule;cron(00 20 * * ? *);sdlf-bigdata-redshift-segmentation-schedule-glue-job;pendiente;;
sdlf-bigdata-sp-spos-cargos-pat-resp-trigger;sdlf-bigdata-sp-spos-cargos-pat-resp-schedule;cron(30 14 * * ? *);sdlf-bigdata-redshift-segmentation-schedule-glue-job;pendiente;;
sdlf-bigdata-sp-spos-cliente-unico-3m-glue-trigger;sdlf-bigdata-sp-spos-cliente-unico-3m-glue-schedule;cron(30 14 * * ? *);sdlf-bigdata-redshift-segmentation-schedule-glue-job;pendiente;;
sdlf-bigdata-sp-spos-dau-mau-wau-glue-trigger;sdlf-bigdata-sp-spos-dau-mau-wau-glue-schedule;cron(30 14 * * ? *);sdlf-bigdata-redshift-segmentation-schedule-glue-job;pendiente;;
sdlf-bigdata-sp-spos-foto-resumen-trigger;sdlf-bigdata-sp-spos-foto-resumen-schedule;cron(30 14 * * ? *);sdlf-bigdata-redshift-segmentation-schedule-glue-job;pendiente;;
sdlf-bigdata-sp-spos-nacional-internacional-glue-trigger;sdlf-bigdata-sp-spos-nacional-internacional-glue-schedule;cron(0 14 ? * * *);sdlf-bigdata-redshift-segmentation-schedule-glue-job;pendiente;;
sdlf-bigdata-sp-spos-onboarding-3m-glue-trigger;sdlf-bigdata-sp-spos-onboarding-3m-glue-schedule;cron(30 15 * * ? *);sdlf-bigdata-redshift-segmentation-schedule-glue-job;pendiente;;
sdlf-bigdata-sp-spos-pats-detalle-trx-trigger;sdlf-bigdata-sp-spos-pats-detalle-trx-schedule;cron(00 8 1 * ? *);sdlf-bigdata-redshift-segmentation-schedule-glue-job;pendiente;;
sdlf-bigdata-sp-spos-rubro-preferente-glue-trigger;sdlf-bigdata-sp-spos-rubro-preferente-glue-schedule;cron(00 10 * * ? *);sdlf-bigdata-redshift-segmentation-schedule-glue-job;pendiente;;
sdlf-bigdata-sp-spos-tablon-digiventures-glue-trigger;sdlf-bigdata-sp-spos-tablon-digiventures-glue-schedule;cron(0 16 ? * MON *);sdlf-bigdata-redshift-segmentation-schedule-glue-job;pendiente;;
sdlf-bigdata-sp-spos-transacciones-pasivos-glue-trigger;sdlf-bigdata-sp-spos-transacciones-pasivos-glue-schedule;cron(0 12 * * ? *);sdlf-bigdata-redshift-segmentation-schedule-glue-job;pendiente;;
sdlf-bigdata-sp-spos-vta-comercios-glue-trigger;sdlf-bigdata-sp-spos-vta-comercios-glue-schedule;cron(30 8 * * ? *);sdlf-bigdata-redshift-segmentation-schedule-glue-job;pendiente;;
sdlf-bigdata-sp-spos-vta-rubros-glue-trigger;sdlf-bigdata-sp-spos-vta-rubros-glue-schedule;cron(30 8 * * ? *);sdlf-bigdata-redshift-segmentation-schedule-glue-job;pendiente;;
sdlf-bigdata-sp-tmp;sdlf-bigdata-sp-tmp-schedule;cron(10 1-9,12-0 * * ? *);sdlf-bigdata-redshift-segmentation-schedule-glue-job;migrado;"trigger estaba CREATED; schedule quedó DISABLED";2026-09-02 12:43:18
sdlf-bigdata-sp-tnda-clientes-uso-cortes-glue-trigger;sdlf-bigdata-sp-tnda-clientes-uso-cortes-glue-schedule;cron(30 9 * * ? *);sdlf-bigdata-redshift-segmentation-schedule-glue-job;pendiente;;
sdlf-bigdata-sp-tnda-data-mkp-glue-trigger;sdlf-bigdata-sp-tnda-data-mkp-glue-schedule;cron(45 12 * * ? *);sdlf-bigdata-redshift-segmentation-schedule-glue-job;pendiente;;
sdlf-bigdata-sp-tnda-forma-de-pago-glue-trigger;sdlf-bigdata-sp-tnda-forma-de-pago-glue-schedule;cron(00 19 * * ? *);sdlf-bigdata-redshift-segmentation-schedule-glue-job;pendiente;;
sdlf-bigdata-sp-tnda-forma-pago-en-tda-glue-trigger;sdlf-bigdata-sp-tnda-forma-pago-en-tda-glue-schedule;cron(00 15 ? * FRI *);sdlf-bigdata-redshift-segmentation-schedule-glue-job;pendiente;;
sdlf-bigdata-sp-tnda-forma-pago-mes-actual-glue-trigger;sdlf-bigdata-sp-tnda-forma-pago-mes-actual-glue-schedule;cron(0 19 * * ? *);sdlf-bigdata-redshift-segmentation-schedule-glue-job;pendiente;;
sdlf-bigdata-sp-tnda-reporte-termometro-glue-trigger;sdlf-bigdata-sp-tnda-reporte-termometro-glue-schedule;cron(00 17 * * ? *);sdlf-bigdata-redshift-segmentation-schedule-glue-job;pendiente;;
sdlf-bigdata-sp-tnda-sku-glue-trigger;sdlf-bigdata-sp-tnda-sku-glue-schedule;cron(30 10 * * ? *);sdlf-bigdata-redshift-segmentation-schedule-glue-job;pendiente;;
sdlf-bigdata-sp-tnda-sucursal-preferente-glue-trigger;sdlf-bigdata-sp-tnda-sucursal-preferente-glue-schedule;cron(00 12 * * ? *);sdlf-bigdata-redshift-segmentation-schedule-glue-job;pendiente;;
sdlf-bigdata-sp-total-clientes-variable-retira-onboarding-trigger;sdlf-bigdata-sp-total-clientes-variable-retira-onboarding-schedule;cron(00 11 * * ? *);sdlf-bigdata-redshift-segmentation-schedule-glue-job;pendiente;;
sdlf-bigdata-sp-var-saldos-cc-cv-ult-mes-cerrado-glue-trigger;sdlf-bigdata-sp-var-saldos-cc-cv-ult-mes-cerrado-glue-schedule;cron(00 14 5 * ? *);sdlf-bigdata-redshift-segmentation-schedule-glue-job;pendiente;;
sdlf-bigdata-sp-wf-ctbl-flujo-datamaster-glue-trigger;sdlf-bigdata-sp-wf-ctbl-flujo-datamaster-glue-schedule;cron(00 11 * * ? *);sdlf-bigdata-redshift-segmentation-schedule-glue-job;pendiente;;
sdlf-bigdata-sp_clts_cupon_capta-glue-trigger;sdlf-bigdata-sp_clts_cupon_capta-glue-schedule;cron(00 19 * * ? *);sdlf-bigdata-redshift-segmentation-schedule-glue-job;pendiente;;
sdlf-bigdata-tablon-alta-planes-glue-trigger;sdlf-bigdata-tablon-alta-planes-glue-schedule;cron(00 15 * * ? *);sdlf-bigdata-redshift-segmentation-schedule-glue-job;pendiente;;
sdlf-bigdata-tablon-stock-planes-glue-trigger;sdlf-bigdata-tablon-stock-planes-glue-schedule;cron(30 14,18 * * ? *);sdlf-bigdata-redshift-segmentation-schedule-glue-job;migrado;"trigger estaba ACTIVATED; schedule quedó ENABLED";2026-09-02 12:43:19
sdlf-bigdata-wildcard-midday-glue-trigger;sdlf-bigdata-wildcard-midday-glue-schedule;cron(12 7 * * ? *);sdlf-bigdata-redshift-segmentation-schedule-glue-job;pendiente;;
sdlf-bigdata-planes-step1-trigger;sdlf-bigdata-planes-step1-schedule;;sdlf-bigdata-redshift-segmentation-schedule-glue-job;revisar;Tipo CONDITIONAL: no es SCHEDULED (usar Rules/Step Functions o es manual);
sdlf-bigdata-platun-step3-trigger;sdlf-bigdata-platun-step3-schedule;;sdlf-bigdata-redshift-segmentation-schedule-glue-job;revisar;Tipo CONDITIONAL: no es SCHEDULED (usar Rules/Step Functions o es manual);
sdlf-bigdata-sp-earq-drop-tables-workspace-glue-trigger;sdlf-bigdata-sp-earq-drop-tables-workspace-glue-schedule;cron(00 5 * * ? *);sdlf-bigdata-redshift-segmentation-schedule-glue-job;revisar;2 acciones (multi-job): requiere estrategia especial;
sdlf-bigdata-sp-matinal-step-0;sdlf-bigdata-sp-matinal-step-0-schedule;cron(30 11 ? * * *);sdlf-bigdata-redshift-segmentation-schedule-glue-job;revisar;excluido: proceso matinal;
sdlf-bigdata-sp-matinal_parte-2-trigger;sdlf-bigdata-sp-matinal_parte-2-schedule;cron(30 14 * * ? *);sdlf-bigdata-redshift-segmentation-schedule-glue-job;revisar;excluido: proceso matinal;
sdlf-bigdata-sp-spos-alianzas-matinal-glue-trigger;sdlf-bigdata-sp-spos-alianzas-matinal-glue-schedule;cron(00 15 * * ? *);sdlf-bigdata-redshift-segmentation-schedule-glue-job;revisar;excluido: proceso matinal;
