trigger_original;schedule_en_aws;len_antes;len_despues;motivo_renombrado
sdlf-bigdata-acoustic-tables-datamaster-contact-list-glue-trigger;acoustic-tables-datamaster-contact-list-schedule;65;48;nombre >64 chars
sdlf-bigdata-call-sftp-sender-ctbl-base-trabajo-email-glue-trigger;call-sftp-sender-ctbl-base-trabajo-email-schedule;66;49;nombre >64 chars
sdlf-bigdata-call-sftp-sender-ctbl-contact-fonos-movil-glue-trigger;call-sftp-sender-ctbl-contact-fonos-movil-schedule;67;50;nombre >64 chars
sdlf-bigdata-call-sp-pff-actualizar-sav-motor-mes-actual-trigger;call-sp-pff-actualizar-sav-motor-mes-actual-schedule;64;52;nombre >64 chars
sdlf-bigdata-call219-mis-ingest-vcons-saldo-historico-vintage-glue-trigger;call219-mis-ingest-vcons-saldo-historico-vintage-schedule;74;57;nombre >64 chars
sdlf-bigdata-camp-reporte-funnel-contactabilidad-ppff-glue-trigger;camp-reporte-funnel-contactabilidad-ppff-schedule;66;49;nombre >64 chars
sdlf-bigdata-clts-matriz-rentabilidad-banco-retail-mujeres-c1c2c3-glue-trigger;clts-matriz-rentabilidad-banco-retail-mujeres-c1c2c3-schedule;78;61;nombre >64 chars
sdlf-bigdata-clts-sp-seguimiento-cascadaruterocyber-glue-trigger;clts-sp-seguimiento-cascadaruterocyber-schedule;64;47;nombre >64 chars
sdlf-bigdata-cptp-adquisicion-funnel-presencial-cierre-glue-trigger;cptp-adquisicion-funnel-presencial-cierre-schedule;67;50;nombre >64 chars
sdlf-bigdata-cptp-foto-tablon-adquisicion-inicio-mes-glue-trigger;cptp-foto-tablon-adquisicion-inicio-mes-schedule;65;48;nombre >64 chars
sdlf-bigdata-data-extraction-fisa-brcf-calificadet-15:30-glue-trigger;data-extraction-fisa-brcf-calificadet-15-30-schedule;69;52;nombre >64 chars + caracter invalido ':'
sdlf-bigdata-data-extraction-fisa-tcap-vista-15:52-glue-trigger;sdlf-bigdata-data-extraction-fisa-tcap-vista-15-52-glue-schedule;63;64;caracter invalido ':'
sdlf-bigdata-data-extraction-fisa-tcap-vista-18:22-glue-trigger;sdlf-bigdata-data-extraction-fisa-tcap-vista-18-22-glue-schedule;63;64;caracter invalido ':'
sdlf-bigdata-data-extraction-fisa-tcli-persona-15:48-glue-trigger;data-extraction-fisa-tcli-persona-15-48-schedule;65;48;nombre >64 chars + caracter invalido ':'
sdlf-bigdata-data-extraction-fisa-tcli-persona-18:18-glue-trigger;data-extraction-fisa-tcli-persona-18-18-schedule;65;48;nombre >64 chars + caracter invalido ':'
sdlf-bigdata-data-extraction-fisa-tcli-valliq-15:31-glue-trigger;data-extraction-fisa-tcli-valliq-15-31-schedule;64;47;nombre >64 chars + caracter invalido ':'
sdlf-bigdata-data-extraction-fisa-tcli-valliq-18:00-glue-trigger;data-extraction-fisa-tcli-valliq-18-00-schedule;64;47;nombre >64 chars + caracter invalido ':'
sdlf-bigdata-data-extraction-fisa-tpre-prestamos-15:31-glue-trigger;data-extraction-fisa-tpre-prestamos-15-31-schedule;67;50;nombre >64 chars + caracter invalido ':'
sdlf-bigdata-data-extraction-fisa-tpre-prestamos-18:01-glue-trigger;data-extraction-fisa-tpre-prestamos-18-01-schedule;67;50;nombre >64 chars + caracter invalido ':'
sdlf-bigdata-excrt2-retail-hourly-data-extraction-glue-job;excrt2-retail-hourly-data-extraction-glue-job-schedule;58;54;nombre >64 chars
sdlf-bigdata-extract-sharepoint-ingreso-mensual-seguros-glue-trigger;extract-sharepoint-ingreso-mensual-seguros-schedule;68;51;nombre >64 chars
sdlf-bigdata-redshift-to-lake-cbz-ctbl-base-nombres-glue-trigger;redshift-to-lake-cbz-ctbl-base-nombres-schedule;64;47;nombre >64 chars
sdlf-bigdata-redshift-to-lake-cbz-reporte-recaudacion-integrado-glue-trigger;redshift-to-lake-cbz-reporte-recaudacion-integrado-schedule;76;59;nombre >64 chars
sdlf-bigdata-redshift-to-lake-cg-mpdg-epu-mes-actual-glue-trigger;redshift-to-lake-cg-mpdg-epu-mes-actual-schedule;65;48;nombre >64 chars
sdlf-bigdata-redshift-to-lake-clts-segm-gest-todas-part-glue-trigger;redshift-to-lake-clts-segm-gest-todas-part-schedule;68;51;nombre >64 chars
sdlf-bigdata-redshift-to-lake-glue-job-cf-cierres-car-a-cg;redshift-to-lake-glue-job-cf-cierres-car-a-cg-schedule;58;54;nombre >64 chars
sdlf-bigdata-redshift-to-lake-glue-job-ppff-trx-refinanciamiento;redshift-to-lake-glue-job-ppff-trx-refinanciamiento-schedule;64;60;nombre >64 chars
sdlf-bigdata-redshift-to-lake-glue-job-propension-seguros-tlmk;redshift-to-lake-glue-job-propension-seguros-tlmk-schedule;62;58;nombre >64 chars
sdlf-bigdata-redshift-to-lake-glue-ppff-trx-renegociacion;redshift-to-lake-glue-ppff-trx-renegociacion-schedule;57;53;nombre >64 chars
sdlf-bigdata-redshift-to-lake-glue-seguros-tnda-data-mkp-glue-trigger;redshift-to-lake-glue-seguros-tnda-data-mkp-schedule;69;52;nombre >64 chars
sdlf-bigdata-redshift-to-lake-mdpg-tablon-productos-glue-trigger;redshift-to-lake-mdpg-tablon-productos-schedule;64;47;nombre >64 chars
sdlf-bigdata-redshift-to-lake-piloto-capta-alta-valor-acum-glue-trigger;redshift-to-lake-piloto-capta-alta-valor-acum-schedule;71;54;nombre >64 chars
sdlf-bigdata-redshift-to-lake-plancom-bitr-actividad-tr-glue-trigger;redshift-to-lake-plancom-bitr-actividad-tr-schedule;68;51;nombre >64 chars
sdlf-bigdata-redshift-to-lake-rent-12m-deciles-tipocli-actualizado-new-glue-trigger;redshift-to-lake-rent-12m-deciles-tipocli-actualizado-schedule;83;62;nombre >64 chars
sdlf-bigdata-redshift-to-lake-rfraude-in-rutero-direcciones-glue-trigger;redshift-to-lake-rfraude-in-rutero-direcciones-schedule;72;55;nombre >64 chars
sdlf-bigdata-redshift-to-lake-rfraude-out-rutero-direcciones-glue-trigger;redshift-to-lake-rfraude-out-rutero-direcciones-schedule;73;56;nombre >64 chars
sdlf-bigdata-redshift-to-lake-seguroripley-cup-vigente-glue-trigger;redshift-to-lake-seguroripley-cup-vigente-schedule;67;50;nombre >64 chars
sdlf-bigdata-redshift-to-lake-segurosripley-trx-consumo-glue-trigger;redshift-to-lake-segurosripley-trx-consumo-schedule;68;51;nombre >64 chars
sdlf-bigdata-redshift-to-lake-segurosripley-trx-sav-glue-trigger;redshift-to-lake-segurosripley-trx-sav-schedule;64;47;nombre >64 chars
sdlf-bigdata-redshift-triggers2-catalogue-tables-glue-job;redshift-triggers2-catalogue-tables-glue-job-schedule;57;53;nombre >64 chars
sdlf-bigdata-reduce-partition-files-data-quality-logs-glue-trigger;reduce-partition-files-data-quality-logs-schedule;66;49;nombre >64 chars
sdlf-bigdata-rstl-cobranzas-cgdm-fact-mejor-gestion-diaria-glue-trigger;rstl-cobranzas-cgdm-fact-mejor-gestion-diaria-schedule;71;54;nombre >64 chars
sdlf-bigdata-rstl-cobranzas-fact-modelo-contactabilidad-glue-trigger;rstl-cobranzas-fact-modelo-contactabilidad-schedule;68;51;nombre >64 chars
sdlf-bigdata-rstl-schm_contactabilidad-nacionalidad_bopers-glue-trigger;rstl-schm_contactabilidad-nacionalidad_bopers-schedule;71;54;nombre >64 chars
sdlf-bigdata-rstl-schm_insight-rentabilidad_12m_directorios-glue-trigger;rstl-schm_insight-rentabilidad_12m_directorios-schedule;72;55;nombre >64 chars
sdlf-bigdata-rstl-schm_productos_financieros-ppff_avance_fin-glue-trigger;rstl-schm_productos_financieros-ppff_avance_fin-schedule;73;56;nombre >64 chars
sdlf-bigdata-rstl-schm_productos_financieros-ppff_consumo_fin-glue-trigger;rstl-schm_productos_financieros-ppff_consumo_fin-schedule;74;57;nombre >64 chars
sdlf-bigdata-rstl-schm_productos_financieros-ppff_ref_fin-glue-trigger;rstl-schm_productos_financieros-ppff_ref_fin-schedule;70;53;nombre >64 chars
sdlf-bigdata-rstl-schm_productos_financieros-ppff_sav_fin-glue-trigger;rstl-schm_productos_financieros-ppff_sav_fin-schedule;70;53;nombre >64 chars
sdlf-bigdata-run_sp_cptp_seguimiento_vinculacion_abr_pat_cof-glue-trigger;run_sp_cptp_seguimiento_vinculacion_abr_pat_cof-schedule;73;56;nombre >64 chars
sdlf-bigdata-sftpperu-reporte-binacional-extraction-glue-trigger;sftpperu-reporte-binacional-extraction-schedule;64;47;nombre >64 chars
sdlf-bigdata-sftpperu-tipo-cambio-binacional-extraction-glue-trigger;sftpperu-tipo-cambio-binacional-extraction-schedule;68;51;nombre >64 chars
sdlf-bigdata-sp-clts-bases-cumpleaños-puntos-glue-trigger;sdlf-bigdata-sp-clts-bases-cumpleanos-puntos-glue-schedule;57;58;tilde/ñ
sdlf-bigdata-sp-clts-billeteras-enrolamientos-stock-glue-trigger;sp-clts-billeteras-enrolamientos-stock-schedule;64;47;nombre >64 chars
sdlf-bigdata-sp-clts-estrategias-evaluar-vencimientos-glue-trigger;sp-clts-estrategias-evaluar-vencimientos-schedule;66;49;nombre >64 chars
sdlf-bigdata-sp-clts-matriz-rentabilidad-corp-mujeres-c1c2c3-glue-trigger;sp-clts-matriz-rentabilidad-corp-mujeres-c1c2c3-schedule;73;56;nombre >64 chars
sdlf-bigdata-sp-clts-matriz-rentabilidad-retail-muijeres-c1c2c3-glue-trigger;sp-clts-matriz-rentabilidad-retail-muijeres-c1c2c3-schedule;76;59;nombre >64 chars
sdlf-bigdata-sp-cptp-aceptacion-pop-up-cc-remunerada-glue-trigger;sp-cptp-aceptacion-pop-up-cc-remunerada-schedule;65;48;nombre >64 chars
sdlf-bigdata-sp-cptp-aceptacion-pop-up-vinculadores-glue-trigger;sp-cptp-aceptacion-pop-up-vinculadores-schedule;64;47;nombre >64 chars
sdlf-bigdata-sp-cptp-panel-directorio-cc-resumen-glue-job;sp-cptp-panel-directorio-cc-resumen-glue-job-schedule;57;53;nombre >64 chars
sdlf-bigdata-sp-cptp-seguimiento-piloto-planes-presencial-glue-trigger;sp-cptp-seguimiento-piloto-planes-presencial-schedule;70;53;nombre >64 chars
sdlf-bigdata-sp-cptp-var-saldos-dap-ult-mes-cerrado-glue-trigger;sp-cptp-var-saldos-dap-ult-mes-cerrado-schedule;64;47;nombre >64 chars
sdlf-bigdata-sp-ctbl-build-consentimientos-datamart-glue-trigger;sp-ctbl-build-consentimientos-datamart-schedule;64;47;nombre >64 chars
sdlf-bigdata-sp-ctbl-contactabilidad-capta-panel-integral-glue-trigger;sp-ctbl-contactabilidad-capta-panel-integral-schedule;70;53;nombre >64 chars
sdlf-bigdata-sp-ctbl-reporte-data-contacto-adquisicion-glue-trigger;sp-ctbl-reporte-data-contacto-adquisicion-schedule;67;50;nombre >64 chars
sdlf-bigdata-sp-dgtl-grupos-facturacion-tenencia-td-login-glue-trigger;sp-dgtl-grupos-facturacion-tenencia-td-login-schedule;70;53;nombre >64 chars
sdlf-bigdata-sp-ppff-actualizar-base_ofertas-pd-digital-periodo-glue-trigger;sp-ppff-actualizar-base_ofertas-pd-digital-periodo-schedule;76;59;nombre >64 chars
sdlf-bigdata-sp-ppff-actualizar-sav-motor-mes-actual-glue-trigger;sp-ppff-actualizar-sav-motor-mes-actual-schedule;65;48;nombre >64 chars
sdlf-bigdata-sp-ppff-guarda-historico-segmento-av-sav-glue-trigger;sp-ppff-guarda-historico-segmento-av-sav-schedule;66;49;nombre >64 chars
sdlf-bigdata-sp-ppff-guarda-historico-segmento-consumo-glue-trigger;sp-ppff-guarda-historico-segmento-consumo-schedule;67;50;nombre >64 chars
sdlf-bigdata-sp-run-camp-reporte-consolidado-campanas-glue-trigger;sp-run-camp-reporte-consolidado-campanas-schedule;66;49;nombre >64 chars
sdlf-bigdata-sp-run-clts-cactivos-universo-adquisicion-10:05-glue-trigger;sp-run-clts-cactivos-universo-adquisicion-10-05-schedule;73;56;nombre >64 chars + caracter invalido ':'
sdlf-bigdata-sp-run-clts-cactivos-universo-adquisicion-glue-trigger;sp-run-clts-cactivos-universo-adquisicion-schedule;67;50;nombre >64 chars
sdlf-bigdata-sp-run-cptp-adquisicion-tc-cc-activacion-glue-trigger;sp-run-cptp-adquisicion-tc-cc-activacion-schedule;66;49;nombre >64 chars
sdlf-bigdata-sp-run-cptp-mov-cuenta-corriente-historia-glue-trigger;sp-run-cptp-mov-cuenta-corriente-historia-schedule;67;50;nombre >64 chars
sdlf-bigdata-sp-run-ctbl-consentimiento-vista-consentiemiento-glue-trigger;sp-run-ctbl-consentimiento-vista-consentiemiento-schedule;74;57;nombre >64 chars
sdlf-bigdata-sp-run-ppff-aceptacion-pop-up-cc-remunerada-captados-glue-trigger;sp-run-ppff-aceptacion-pop-up-cc-remunerada-captados-schedule;78;61;nombre >64 chars
sdlf-bigdata-sp-run-ppff-obtencion-clientes-nuevoship-glue-trigger;sp-run-ppff-obtencion-clientes-nuevoship-schedule;66;49;nombre >64 chars
sdlf-bigdata-sp-spos-rubro-preferente-detalle-glue-trigger-rds;sp-spos-rubro-preferente-detalle-glue-trigger-rds-schedule;62;58;nombre >64 chars
sdlf-bigdata-sp-total-clientes-variable-retira-onboarding-trigger;sp-total-clientes-variable-retira-onboarding-schedule;65;53;nombre >64 chars
sdlf-bigdata-uncompress-mae-cob-convenios-car-det-file-glue-trigger;uncompress-mae-cob-convenios-car-det-file-schedule;67;50;nombre >64 chars
sdlf-bigdata-uncompress-mae-cob-convenios-car-s-file-glue-trigger;uncompress-mae-cob-convenios-car-s-file-schedule;65;48;nombre >64 chars
