trigger_name;job_name;tipo;estado_glue;cron;clasificacion;Decision
sdlf-bigdata-transaccional-process-matinal-cierre-glue-trigger;sdlf-bigdata-cobranzas-monitoring-glue-job;SCHEDULED;DEACTIVATED;cron(40 11 1 * ? *);excluido: matinal;borrar
sdlf-bigdata-redshift-to-lake-cbz-ctbl-base-email-glue-trigger;sdlf-bigdata-redshift-to-lake-glue-job;SCHEDULED;ACTIVATED;cron(00 11 * * ? *);migrable;migrar
sdlf-bigdata-campanas-v2-step-1-trigger;sdlf-bigdata-01-insumos-captacion-express-glue-job;CONDITIONAL;ACTIVATED;;no migrable: CONDITIONAL;
sdlf-bigdata-campanas-v2-step-3.6-trigger;sdlf-bigdata-01-insumos-pd-fiscalia-glue-job;CONDITIONAL;ACTIVATED;;no migrable: CONDITIONAL;
sdlf-bigdata-campanas-v2-step-3.5.1-trigger;sdlf-bigdata-02-carga-de-casos-glue-job;CONDITIONAL;ACTIVATED;;no migrable: CONDITIONAL;
sdlf-bigdata-campanas-v2-step-2-trigger;sdlf-bigdata-02-input-universo-glue-job;CONDITIONAL;ACTIVATED;;no migrable: CONDITIONAL;
sdlf-bigdata-campanas-tj-step-2-trigger;sdlf-bigdata-02-vu-tj-avance-glue-job;CONDITIONAL;ACTIVATED;;no migrable: CONDITIONAL;
sdlf-bigdata-campanas-v2-step-3.4.1-trigger;sdlf-bigdata-03-01-variable-cadenitas-glue-job;CONDITIONAL;ACTIVATED;;no migrable: CONDITIONAL;
sdlf-bigdata-campanas-v2-step-3.3-trigger;sdlf-bigdata-03-ejecucion-sp-universo-glue-job;CONDITIONAL;ACTIVATED;;no migrable: CONDITIONAL;
sdlf-bigdata-campanas-tj-step-3-trigger;sdlf-bigdata-03-estructura-motor-tj-glue-job;CONDITIONAL;ACTIVATED;;no migrable: CONDITIONAL;
sdlf-bigdata-campanas-v2-step-3.4.3-trigger;sdlf-bigdata-03-pd-carga-ce-mod-prov-glue-job;CONDITIONAL;ACTIVATED;;no migrable: CONDITIONAL;
sdlf-bigdata-campanas-v2-step-3.4.2-trigger;sdlf-bigdata-03-pd-segmentos-totales-ce-cadenita-todos-s1-glue-job;CONDITIONAL;ACTIVATED;;no migrable: CONDITIONAL;
sdlf-bigdata-campanas-v2-step-4-trigger;sdlf-bigdata-04-codigo-fuente-campana-ce-glue-job;CONDITIONAL;ACTIVATED;;no migrable: CONDITIONAL;
sdlf-bigdata-campanas-v2-step-5-trigger;sdlf-bigdata-05-salida-glue-job;CONDITIONAL;ACTIVATED;;no migrable: CONDITIONAL;
sdlf-bigdata-campanas-v2-step-6-trigger;sdlf-bigdata-06-estructura-motor-ce-glue-job;CONDITIONAL;ACTIVATED;;no migrable: CONDITIONAL;
sdlf-bigdata-acoustic-tables-datamaster-contact-list-glue-trigger;sdlf-bigdata-backup-acoustic-tables-glue-job;SCHEDULED;ACTIVATED;cron(00 6 * * ? *);migrable;migrar
sdlf-bigdata-camp-import-email-inhibir-wca-rev-glue-trigger;sdlf-bigdata-backup-acoustic-tables-glue-job;SCHEDULED;ACTIVATED;cron(00 6 * * ? *);migrable;migrar
sdlf-bigdata-camp-import-master-suppression-list-glue-trigger;sdlf-bigdata-backup-acoustic-tables-glue-job;SCHEDULED;ACTIVATED;cron(00 6 * * ? *);migrable;migrar
sdlf-bigdata-run-backup-tr-campana-glue-trigger;sdlf-bigdata-backup-acoustic-tables-glue-job;SCHEDULED;ACTIVATED;cron(00 6 * * ? *);migrable;migrar
sdlf-bigdata-backup-glue-jobs-glue-trigger;sdlf-bigdata-backup-glue-jobs-psh-glue-job;SCHEDULED;ACTIVATED;cron(00 12 * * ? *);migrable;migrar
sdlf-bigdata-bulk-dynamo-visita-tienda-glue-trigger;sdlf-bigdata-bulk-dynamo-visita-tienda-glue-job;SCHEDULED;ACTIVATED;cron(00 8 * * ? *);migrable;migrar
sdlf-bigdata-run-camp-source-purge-msl-glue-trigger;sdlf-bigdata-camp-purge-msl-glue-job;SCHEDULED;ACTIVATED;cron(00 14 * * ? *);migrable;migrar
sdlf-bigdata-export-datamaster-acoustic-glue-trigger;sdlf-bigdata-campaign-export-datamaster-acoustic-glue-job;SCHEDULED;ACTIVATED;cron(00 16 * * ? *);migrable;migrar
sdlf-bigdata-tracing-db-triggers-info-trigger;sdlf-bigdata-cdccyber-glue-job;SCHEDULED;ACTIVATED;cron(0 11 * * ? *);migrable;migrar
sdlf-bigdata-riesgo-sqlserver-to-lake-call219-glue-job;sdlf-bigdata-contcom-extractor-psh-glue-job;SCHEDULED;ACTIVATED;cron(0 0/1 * * ? *);migrable;migrar
sdlf-bigdata-cupones-adquisicion-glue-trigger;sdlf-bigdata-cupones-adquision-glue-job;SCHEDULED;ACTIVATED;cron(0 4 ? * * *);migrable;migrar
sdlf-bigdata-redshift-killer-glue-trigger;sdlf-bigdata-customer360-orchestation-psh-glue-job;SCHEDULED;ACTIVATED;cron(0/15 * * * ? *);migrable;migrar
sdlf-bigdata-data-extraction-fidens-vta-propuesta-glue-trigger;sdlf-bigdata-data-extraction-glue-job;SCHEDULED;ACTIVATED;cron(0 12-16,18,20,23 * * ? *);migrable;migrar
sdlf-bigdata-data-extraction-isonet-debito-glue-trigger;sdlf-bigdata-data-extraction-isonet-glue-job;SCHEDULED;ACTIVATED;cron(15 11 * * ? *);migrable;migrar
sdlf-bigdata-data-extraction-isonet-glue-trigger;sdlf-bigdata-data-extraction-isonet-glue-job;SCHEDULED;ACTIVATED;cron(00 11 * * ? *);migrable;migrar
sdlf-bigdata-data-ingestion-logs-hist-glue-trigger;sdlf-bigdata-data-ingestion-logs-hist-glue-job;SCHEDULED;ACTIVATED;cron(00 12 * * ? *);migrable;migrar
sdlf-bigdata-data-extraction-excrt2-glue-trigger;sdlf-bigdata-dataextraction-runner-glue-job;SCHEDULED;ACTIVATED;cron(20 7 * * ? *);migrable;migrar
sdlf-bigdata-data-extraction-fisa-glue-trigger;sdlf-bigdata-dataextraction-runner-glue-job;SCHEDULED;ACTIVATED;cron(15 9 * * ? *);migrable;migrar
sdlf-bigdata-data-extraction-segcom-hourly-glue-trigger;sdlf-bigdata-dataextraction-runner-glue-job;SCHEDULED;ACTIVATED;cron(53 0,10-23 * * ? *);migrable;migrar
sdlf-bigdata-excrt2-retail-hourly-data-extraction-glue-job;sdlf-bigdata-dataextraction-runner-glue-job;SCHEDULED;ACTIVATED;cron(50 0-7,10-22 * * ? *);migrable;migrar
sdlf-bigdata-wildcard-am-glue-trigger;sdlf-bigdata-dataextraction-runner-glue-job;SCHEDULED;ACTIVATED;cron(15 9 * * ? *);migrable;migrar
sdlf-bigdata-digital-google-analytics-privatesite-glue-trigger;sdlf-bigdata-digital-google-analytics-glue-job;SCHEDULED;ACTIVATED;cron(00 13 * * ? *);migrable;migrar
sdlf-bigdata-digital-google-analytics-publicsite-glue-trigger;sdlf-bigdata-digital-google-analytics-glue-job;SCHEDULED;ACTIVATED;cron(00 13 * * ? *);migrable;migrar
sdlf-bigdata-ec2-starter-trigger;sdlf-bigdata-ec2-auto-stop-psh-glue-job;SCHEDULED;DEACTIVATED;cron(0 11 ? * MON-FRI *);migrable;migrar
sdlf-bigdata-ec2-stopper-trigger;sdlf-bigdata-ec2-auto-stop-psh-glue-job;SCHEDULED;ACTIVATED;cron(0 0 ? * MON-FRI *);migrable;migrar
sdlf-bigdata-expired-password-repitfh-glue-trigger;sdlf-bigdata-expired-password-oracle-glue-job;SCHEDULED;ACTIVATED;cron(57 11 * * ? *);migrable;migrar
sdlf-bigdata-flujo-cupones-monitor-psh-glue-trigger;sdlf-bigdata-flujo-cupones-monitor-psh;SCHEDULED;DEACTIVATED;cron(0 * ? * * *);migrable;migrar
sdlf-bigdata-get-acoustic-connect-signals-glue-trigger;sdlf-bigdata-get-acoustic-connect-signals-glue-job;SCHEDULED;ACTIVATED;cron(0 10-0 * * ? *);migrable;migrar
sdlf-bigdata-get-cobranzas-feedback-email-glue-trigger;sdlf-bigdata-get-cobranzas-feedback-email-glue-job;SCHEDULED;ACTIVATED;cron(00 4 * * ? *);migrable;migrar
sdlf-bigdata-customer360-workflow-daily-glue-trigger;sdlf-bigdata-jobs-launcher-psh-glue-job;SCHEDULED;ACTIVATED;cron(30 12 * * ? *);migrable;migrar
sdlf-bigdata-customer360-workflow-vespertino-glue-trigger;sdlf-bigdata-jobs-launcher-psh-glue-job;SCHEDULED;ACTIVATED;cron(30 19 * * ? *);migrable;migrar
sdlf-bigdata-notebooks-killer;sdlf-bigdata-lambda-ecr-code-deploy;SCHEDULED;ACTIVATED;cron(00 23 * * ? *);migrable;migrar
sdlf-bigdata-mdpg-final-modelo-fuga-glue-trigger;sdlf-bigdata-mdpg-modelo-fuga-glue-job;SCHEDULED;ACTIVATED;cron(00 11 6 * ? *);migrable;migrar
sdlf-bigdata-neptune-analytics-start;sdlf-bigdata-neptune-analytics-scheduler;SCHEDULED;ACTIVATED;cron(0 11 ? * MON-FRI *);migrable;migrar
sdlf-bigdata-neptune-analytics-stop;sdlf-bigdata-neptune-analytics-scheduler;SCHEDULED;ACTIVATED;cron(0 1 ? * TUE-SAT *);migrable;migrar
sdlf-bigdata-ppff-stock-dap-tg-cierre-job;sdlf-bigdata-ppff-stock-dap-glue-job;SCHEDULED;ACTIVATED;cron(00 12 1 * ? *);migrable;migrar
sdlf-bigdata-r04-bancostxt-sftp-runner-glue-trigger;sdlf-bigdata-process-bancostxt-file-glue-job;SCHEDULED;ACTIVATED;cron(02 23 * * ? *);migrable;migrar
sdlf-bigdata-ra-deuda-cinta-sftp-runner-glue-trigger;sdlf-bigdata-process-deudacinta-file-glue-job;SCHEDULED;ACTIVATED;cron(00 17 * * ? *);migrable;migrar
sdlf-bigdata-processtxt-d10-bco-file-glue-trigger;sdlf-bigdata-process-txt-files-glue-job;SCHEDULED;ACTIVATED;cron(00 23 * * ? *);migrable;migrar
sdlf-bigdata-processtxt-d10-car-file-glue-trigger;sdlf-bigdata-process-txt-files-glue-job;SCHEDULED;ACTIVATED;cron(00 23 * * ? *);migrable;migrar
sdlf-bigdata-processtxt-mpj15005-file-glue-trigger;sdlf-bigdata-process-txt-files-glue-job;SCHEDULED;ACTIVATED;cron(00 10 * * ? *);migrable;migrar
sdlf-bigdata-processtxt-r111-file-glue-trigger;sdlf-bigdata-process-txt-files-glue-job;SCHEDULED;ACTIVATED;cron(00 15 * * ? *);migrable;migrar
sdlf-bigdata-processtxt-rpt-normativo-bic-bco-glue-trigger;sdlf-bigdata-process-txt-files-glue-job;SCHEDULED;ACTIVATED;cron(00 5 * * ? *);migrable;migrar
sdlf-bigdata-processtxt-ws031-mpdt007-file-glue-trigger;sdlf-bigdata-process-txt-files-glue-job;SCHEDULED;ACTIVATED;cron(50 10 * * ? *);migrable;migrar
sdlf-bigdata-sp-tracing-sp-dependencies-glue-trigger;sdlf-bigdata-psfc1-glue-job;SCHEDULED;ACTIVATED;cron(10 4 * * ? *);migrable;migrar
sdlf-bigdata-raw-ingestion-confluence-trigger;sdlf-bigdata-raw-ingestion-confluence-psh-glue-job;SCHEDULED;ACTIVATED;cron(59 0/1 * * ? *);migrable;migrar
sdlf-bigdata-sp-clts-bases-cumpleanos-puntos-glue-trigger;sdlf-bigdata-redshift-segmentation-schedule-glue-job;SCHEDULED;ACTIVATED;cron(00 13 1 * ? *);migrable;migrar
sdlf-bigdata-sp-run-clts-cactivos-universo-adquisicion-10-05-glue-trigger;sdlf-bigdata-redshift-segmentation-schedule-glue-job;SCHEDULED;ACTIVATED;cron(5 13 ? * * *);migrable;migrar
sdlf-bigdata-update-redshift-tables-use-glue-trigger;sdlf-bigdata-redshift-tables-use-glue-job;SCHEDULED;ACTIVATED;cron(5 0/1 * * ? *);migrable;migrar
sdlf-bigdata-redshift-triggers2-catalogue-tables-glue-job;sdlf-bigdata-redshift-triggers2-glue-job;SCHEDULED;ACTIVATED;cron(37 21 ? * * *);migrable;migrar
sdlf-bigdata-redshift-users-map-glue-trigger;sdlf-bigdata-redshift-users-map-psh-glue-job;SCHEDULED;ACTIVATED;cron(0 7 * * ? *);migrable;migrar
sdlf-bigdata-reduce-partition-files-data-quality-logs-glue-trigger;sdlf-bigdata-reduce-partition-files-glue-job;SCHEDULED;ACTIVATED;cron(10 9 * * ? *);migrable;migrar
sdlf-bigdata-reduce-partition-files-vwj08750001-glue-trigger;sdlf-bigdata-reduce-partition-files-glue-job;SCHEDULED;ACTIVATED;cron(05 9 * * ? *);migrable;migrar
sdlf-bigdata-reduce-partition-files-vwj08850001-glue-trigger;sdlf-bigdata-reduce-partition-files-glue-job;SCHEDULED;ACTIVATED;cron(15 9 * * ? *);migrable;migrar
sdlf-bigdata-retail-ingestion-glue-trigger;sdlf-bigdata-retail-ingestion-glue-job;SCHEDULED;DEACTIVATED;cron(05 11 * * ? *);migrable;borrar
sdlf-bigdata-segmento-comercial-glue-job;sdlf-bigdata-segmento-comercial-glue-job;SCHEDULED;ACTIVATED;cron(30 4 * * ? *);migrable;migrar
sdlf-bigdata-sent-whatsapps-to-connect-logs-glue-trigger;sdlf-bigdata-sent-whatsapps-to-connect-logs-glue-job;SCHEDULED;ACTIVATED;cron(0 10-0 * * ? *);migrable;migrar
sdlf-bigdata-status-sernac-runs-trigger;sdlf-bigdata-sernac-monitoring-glue-job;SCHEDULED;ACTIVATED;cron(30 8 * * ? *);migrable;migrar
sdlf-bigdata-call-sftp-sender-ctbl-contact-fonos-movil-glue-trigger;sdlf-bigdata-sftp-redshift-module-glue-job;SCHEDULED;ACTIVATED;cron(15 8 * * ? *);migrable;migrar
sdlf-bigdata-sftpperu-reporte-binacional-extraction-glue-trigger;sdlf-bigdata-sftpperu-file-extractor-psh-glue-job;SCHEDULED;ACTIVATED;cron(0 0/1 * * ? *);migrable;migrar
sdlf-bigdata-sftpperu-tipo-cambio-binacional-extraction-glue-trigger;sdlf-bigdata-sftpperu-file-extractor-psh-glue-job;SCHEDULED;ACTIVATED;cron(1 0/1 * * ? *);migrable;migrar
sdlf-bigdata-extract-sharepoint-ingreso-mensual-seguros-glue-trigger;sdlf-bigdata-sharepoint-to-s3-glue-job;SCHEDULED;ACTIVATED;cron(0 15 11,12,13,14,15 * ? *);migrable;migrar
sdlf-bigdata-sharepoint-to-s3-glue-trigger;sdlf-bigdata-sharepoint-to-s3-glue-job;SCHEDULED;ACTIVATED;cron(00 13 9-13 * ? *);migrable;migrar
sdlf-bigdata-sp-activos-glue-trigger;sdlf-bigdata-sp-activos-glue-job;SCHEDULED;ACTIVATED;cron(0 15 ? * * *);migrable;migrar
sdlf-bigdata-extraction-ga-login-pu-glue-job;sdlf-bigdata-sp-crea-mpdt007-glue-job;SCHEDULED;ACTIVATED;cron(00 4 * * ? *);migrable;migrar
sdlf-bigdata-extraction-ga-login-pu-hourly-glue-job;sdlf-bigdata-sp-crea-mpdt007-glue-job;SCHEDULED;ACTIVATED;cron(1 13-0,1,2,3 * * ? *);migrable;migrar
sdlf-bigdata-status-jobs-360-glue-trigger;sdlf-bigdata-status-jobs-360-glue-job;SCHEDULED;DEACTIVATED;cron(0 0/1 * * ? *);migrable;migrar
sdlf-bigdata-ppff-stock-dap-tg-job;sdlf-bigdata-stock-dap-glue-job;SCHEDULED;ACTIVATED;cron(0 11,13,15,17 * * ? *);migrable;migrar
sdlf-bigdata-cost-per-consumption-glue-trigger;sdlf-bigdata-table-cost-per-consumption-psh-glue-job;SCHEDULED;ACTIVATED;cron(00 12 * * ? *);migrable;migrar
sdlf-bigdata-table-version-cleaner-glue-trigger;sdlf-bigdata-table-version-cleaner-psh-glue-job;SCHEDULED;ACTIVATED;cron(40 22 ? * SUN *);migrable;migrar
sdlf-bigdata-transbank-extraction-psh-glue-job;sdlf-bigdata-transbank-extraction-psh-glue-job;SCHEDULED;ACTIVATED;cron(30 12 * * ? *);migrable;migrar
sdlf-bigdata-uncompress-d10-bco-file-glue-trigger;sdlf-bigdata-uncompress-z-files-psh-glue-job;SCHEDULED;ACTIVATED;cron(30 22 * * ? *);migrable;migrar
sdlf-bigdata-uncompress-d10-car-file-glue-trigger;sdlf-bigdata-uncompress-z-files-psh-glue-job;SCHEDULED;ACTIVATED;cron(30 22 * * ? *);migrable;migrar
sdlf-bigdata-uncompress-mae-cob-convenios-car-det-file-glue-trigger;sdlf-bigdata-uncompress-z-files-psh-glue-job;SCHEDULED;ACTIVATED;cron(00 11 * * ? *);migrable;migrar
sdlf-bigdata-uncompress-mae-cob-convenios-car-s-file-glue-trigger;sdlf-bigdata-uncompress-z-files-psh-glue-job;SCHEDULED;ACTIVATED;cron(01 11 * * ? *);migrable;migrar
sdlf-bigdata-gj-update-bot-salesforce-glue-trigger;sdlf-bigdata-update-agentforce-glue-job;SCHEDULED;ACTIVATED;cron(00 13 * * ? *);migrable;migrar
sdlf-bigdata-visita-tienda-push-glue-trigger;sdlf-bigdata-visita-tienda-push;SCHEDULED;ACTIVATED;cron(00 13 * * ? *);migrable;migrar
sdlf-bigdata-workflow-monitor-glue-trigger;sdlf-bigdata-workflow-monitor-glue-job;SCHEDULED;DEACTIVATED;cron(0 0/1 * * ? *);migrable;borrar
sdlf-bigdata-customer360-workflow-data-quality-glue-trigger;sdlf-bigdata-workloads-data-quality-psh-glue-job;SCHEDULED;ACTIVATED;cron(10 12 * * ? *);migrable;migrar
sdlf-bigdata-data-quality-camreport-daily-glue-trigger;sdlf-bigdata-workloads-data-quality-psh-glue-job;SCHEDULED;ACTIVATED;cron(40 12 * * ? *);migrable;migrar
sdlf-bigdata-data-quality-camreport-full-glue-trigger;sdlf-bigdata-workloads-data-quality-psh-glue-job;SCHEDULED;ACTIVATED;cron(50 12 * * ? *);migrable;migrar
sdlf-bigdata-data-quality-camreport-monthly-glue-trigger;sdlf-bigdata-workloads-data-quality-psh-glue-job;SCHEDULED;ACTIVATED;cron(00 13 * * ? *);migrable;migrar
sdlf-bigdata-data-quality-cdc-daily-glue-trigger;sdlf-bigdata-workloads-data-quality-psh-glue-job;SCHEDULED;ACTIVATED;cron(30 12 * * ? *);migrable;migrar
sdlf-bigdata-data-quality-cdc-full-glue-trigger;sdlf-bigdata-workloads-data-quality-psh-glue-job;SCHEDULED;ACTIVATED;cron(13 12 * * ? *);migrable;migrar
sdlf-bigdata-data-quality-cdc-monthly-glue-trigger;sdlf-bigdata-workloads-data-quality-psh-glue-job;SCHEDULED;ACTIVATED;cron(20 12 * * ? *);migrable;migrar
sdlf-bigdata-data-quality-fidens-daily-glue-trigger;sdlf-bigdata-workloads-data-quality-psh-glue-job;SCHEDULED;ACTIVATED;cron(45 10 * * ? *);migrable;migrar
sdlf-bigdata-data-quality-fidens-full-glue-trigger;sdlf-bigdata-workloads-data-quality-psh-glue-job;SCHEDULED;ACTIVATED;cron(30 10 * * ? *);migrable;migrar
sdlf-bigdata-data-quality-fidens-monthly-glue-trigger;sdlf-bigdata-workloads-data-quality-psh-glue-job;SCHEDULED;ACTIVATED;cron(15 10 * * ? *);migrable;migrar
sdlf-bigdata-data-quality-fisa-daily-glue-trigger;sdlf-bigdata-workloads-data-quality-psh-glue-job;SCHEDULED;ACTIVATED;cron(20 13 * * ? *);migrable;migrar
sdlf-bigdata-data-quality-fisa-monthly-glue-trigger;sdlf-bigdata-workloads-data-quality-psh-glue-job;SCHEDULED;ACTIVATED;cron(10 13 * * ? *);migrable;migrar
sdlf-bigdata-data-quality-tablas-calidad-glue-trigger;sdlf-bigdata-workloads-data-quality-psh-glue-job;SCHEDULED;ACTIVATED;cron(50 11 * * ? *);migrable;migrar
sdlf-bigdata-bigdata-wsp-cupones-alerts-glue-trigger;sdlf-bigdata-wsp-cupones-alerts-glue-job;SCHEDULED;ACTIVATED;cron(*/10 10-0 * * ? *);migrable;migrar
sdlf-bigdata-customer360-dim-sucursal-tg;sdlf-customer360-dim-sucursal-glue-job;SCHEDULED;ACTIVATED;cron(00 6 ? * MON *);migrable;No Migrar: Customer360 debe correr por otro flujo
sdlf-bigdata-fabrica-eventos-check-tables-glue-trigger;sdlf-bigdata-check-fe-tables-glue-job;SCHEDULED;ACTIVATED;cron(5 1,10-0 * * ? *);migrable;No Migrar: Inicio de Glue Workflow
sdlf-bigdata-platun-step0-trigger;sdlf-bigdata-data-extraction-glue-job;SCHEDULED;ACTIVATED;cron(0 1-5,11-0 ? * * *);migrable;No Migrar: Inicio de Glue Workflow
sdlf-bigdata-consentimientos-step0-trigger;sdlf-bigdata-rtl-paralell-launcher-psh-job;SCHEDULED;ACTIVATED;cron(00 11 * * ? *);migrable;No Migrar: Inicio de Glue Workflow
sdlf-bigdata-planes-step0-trigger;sdlf-bigdata-worflow-planes-data-quality-psh-glue-job;SCHEDULED;ACTIVATED;cron(15 13-0,1,2 * * ? *);migrable;No Migrar: Inicio de Glue Workflow
sdlf-bigdata-indicadores-macroeconomicos-psh-glue-job;sdlf-bigdata-wildcard1-psh-glue-job;SCHEDULED;ACTIVATED;cron(3 12 * * ? *);migrable;No Migrar: comodin/wildcard
sdlf-bigdata-call219-mis-ingest-vcons-saldo-historico-vintage-glue-trigger;sdlf-bigdata-call219-glue-job;SCHEDULED;ACTIVATED;cron(10 13 4 * ? *);migrable;borrar
sdlf-bigdata-tdsl-asesorias2-base-adc-marcas-glue-trigger;sdlf-bigdata-call219-glue-job;SCHEDULED;ACTIVATED;cron(00 19 ? * MON,TUE,WED,THU,FRI *);migrable;borrar
sdlf-bigdata-genesys-cloud-api-tg-job;sdlf-bigdata-callmisvalpo2-glue-job;SCHEDULED;DEACTIVATED;cron(15 10 * * ? *);migrable;borrar
sdlf-bigdata-process-mantenedora-campana-bucket-glue-trigger;sdlf-bigdata-mantenedora-campana-bucket-psh-glue-job;SCHEDULED;ACTIVATED;cron(0/5 * * * ? *);migrable;borrar
sdlf-bigdata-run-mdpg-modelo-fuga-glue-trigger;sdlf-bigdata-mdpg-modelo-fuga-glue-job;SCHEDULED;DEACTIVATED;cron(0 15 ? * * *);migrable;borrar
